DBN,School name,Year of SHST,Grade level,Enrollment on 10/31,Number of students who registered for the SHSAT,Number of students who took the SHSAT,School Name,District,LatLong,City,Zip,Grade Low,Grade High,Economic Need Index,School Income Estimate,Percent ELL,Percent Asian,Percent Black,Percent Hispanic,Percent Black / Hispanic,Percent White,Student Attendance Rate,Percent of Students Chronically Absent,Rigorous Instruction %,Rigorous Instruction Rating,Collaborative Teachers %,Collaborative Teachers Rating,Supportive Environment %,Supportive Environment Rating,Effective School Leadership %,Effective School Leadership Rating,Strong Family-Community Ties %,Strong Family-Community Ties Rating,Trust %,Trust Rating,Student Achievement Rating,Average ELA Proficiency,Average Math Proficiency,Grade 3 ELA - All Students Tested,Grade 3 ELA 4s - All Students,Grade 3 ELA 4s - American Indian or Alaska Native,Grade 3 ELA 4s - Black or African American,Grade 3 ELA 4s - Hispanic or Latino,Grade 3 ELA 4s - Asian or Pacific Islander,Grade 3 ELA 4s - White,Grade 3 ELA 4s - Multiracial,Grade 3 ELA 4s - Limited English Proficient,Grade 3 ELA 4s - Economically Disadvantaged,Grade 3 Math - All Students tested,Grade 3 Math 4s - All Students,Grade 3 Math 4s - American Indian or Alaska Native,Grade 3 Math 4s - Black or African American,Grade 3 Math 4s - Hispanic or Latino,Grade 3 Math 4s - Asian or Pacific Islander,Grade 3 Math 4s - White,Grade 3 Math 4s - Multiracial,Grade 3 Math 4s - Limited English Proficient,Grade 3 Math 4s - Economically Disadvantaged,Grade 4 ELA - All Students Tested,Grade 4 ELA 4s - All Students,Grade 4 ELA 4s - American Indian or Alaska Native,Grade 4 ELA 4s - Black or African American,Grade 4 ELA 4s - Hispanic or Latino,Grade 4 ELA 4s - Asian or Pacific Islander,Grade 4 ELA 4s - White,Grade 4 ELA 4s - Multiracial,Grade 4 ELA 4s - Limited English Proficient,Grade 4 ELA 4s - Economically Disadvantaged,Grade 4 Math - All Students Tested,Grade 4 Math 4s - All Students,Grade 4 Math 4s - American Indian or Alaska Native,Grade 4 Math 4s - Black or African American,Grade 4 Math 4s - Hispanic or Latino,Grade 4 Math 4s - Asian or Pacific Islander,Grade 4 Math 4s - White,Grade 4 Math 4s - Multiracial,Grade 4 Math 4s - Limited English Proficient,Grade 4 Math 4s - Economically Disadvantaged,Grade 5 ELA - All Students Tested,Grade 5 ELA 4s - All Students,Grade 5 ELA 4s - American Indian or Alaska Native,Grade 5 ELA 4s - Black or African American,Grade 5 ELA 4s - Hispanic or Latino,Grade 5 ELA 4s - Asian or Pacific Islander,Grade 5 ELA 4s - White,Grade 5 ELA 4s - Multiracial,Grade 5 ELA 4s - Limited English Proficient,Grade 5 ELA 4s - Economically Disadvantaged,Grade 5 Math - All Students Tested,Grade 5 Math 4s - All Students,Grade 5 Math 4s - American Indian or Alaska Native,Grade 5 Math 4s - Black or African American,Grade 5 Math 4s - Hispanic or Latino,Grade 5 Math 4s - Asian or Pacific Islander,Grade 5 Math 4s - White,Grade 5 Math 4s - Multiracial,Grade 5 Math 4s - Limited English Proficient,Grade 5 Math 4s - Economically Disadvantaged,Grade 6 ELA - All Students Tested,Grade 6 ELA 4s - All Students,Grade 6 ELA 4s - American Indian or Alaska Native,Grade 6 ELA 4s - Black or African American,Grade 6 ELA 4s - Hispanic or Latino,Grade 6 ELA 4s - Asian or Pacific Islander,Grade 6 ELA 4s - White,Grade 6 ELA 4s - Multiracial,Grade 6 ELA 4s - Limited English Proficient,Grade 6 ELA 4s - Economically Disadvantaged,Grade 6 Math - All Students Tested,Grade 6 Math 4s - All Students,Grade 6 Math 4s - American Indian or Alaska Native,Grade 6 Math 4s - Black or African American,Grade 6 Math 4s - Hispanic or Latino,Grade 6 Math 4s - Asian or Pacific Islander,Grade 6 Math 4s - White,Grade 6 Math 4s - Multiracial,Grade 6 Math 4s - Limited English Proficient,Grade 6 Math 4s - Economically Disadvantaged,Grade 7 ELA - All Students Tested,Grade 7 ELA 4s - All Students,Grade 7 ELA 4s - American Indian or Alaska Native,Grade 7 ELA 4s - Black or African American,Grade 7 ELA 4s - Hispanic or Latino,Grade 7 ELA 4s - Asian or Pacific Islander,Grade 7 ELA 4s - White,Grade 7 ELA 4s - Multiracial,Grade 7 ELA 4s - Limited English Proficient,Grade 7 ELA 4s - Economically Disadvantaged,Grade 7 Math - All Students Tested,Grade 7 Math 4s - All Students,Grade 7 Math 4s - American Indian or Alaska Native,Grade 7 Math 4s - Black or African American,Grade 7 Math 4s - Hispanic or Latino,Grade 7 Math 4s - Asian or Pacific Islander,Grade 7 Math 4s - White,Grade 7 Math 4s - Multiracial,Grade 7 Math 4s - Limited English Proficient,Grade 7 Math 4s - Economically Disadvantaged,Grade 8 ELA - All Students Tested,Grade 8 ELA 4s - All Students,Grade 8 ELA 4s - American Indian or Alaska Native,Grade 8 ELA 4s - Black or African American,Grade 8 ELA 4s - Hispanic or Latino,Grade 8 ELA 4s - Asian or Pacific Islander,Grade 8 ELA 4s - White,Grade 8 ELA 4s - Multiracial,Grade 8 ELA 4s - Limited English Proficient,Grade 8 ELA 4s - Economically Disadvantaged,Grade 8 Math - All Students Tested,Grade 8 Math 4s - All Students,Grade 8 Math 4s - American Indian or Alaska Native,Grade 8 Math 4s - Black or African American,Grade 8 Math 4s - Hispanic or Latino,Grade 8 Math 4s - Asian or Pacific Islander,Grade 8 Math 4s - White,Grade 8 Math 4s - Multiracial,Grade 8 Math 4s - Limited English Proficient,Grade 8 Math 4s - Economically Disadvantaged
05M046,P.S. 046 Arthur Tappan,2013,8,91,31,14,P.S. 046 ARTHUR TAPPAN,5,40.83150:-73.93615,NEW YORK,10039,PK,6,0.903,23035.78,0.09,0.01,0.5,0.48,0.97,0.01,0.9,0.39,0.91,Meeting Target,0.89,Meeting Target,0.85,Meeting Target,0.81,Meeting Target,0.8,Approaching Target,0.9,Meeting Target,Approaching Target,2.19,2.19,78,2,0,1,0,0,0,0,0,2,79,3,0,1,0,0,0,0,0,3,78,3,0,0,2,0,0,0,0,3,79,0,0,0,0,0,0,0,0,0,83,2,0,0,0,0,0,0,0,0,83,1,0,1,0,0,0,0,0,0,61,0,0,0,0,0,0,0,0,0,64,0,0,0,0,0,0,0,0,0,58,3,0,0,3,0,0,0,0,0,58,0,0,0,0,0,0,0,0,0,63,3,0,0,0,0,0,0,0,3,63,1,0,0,0,0,0,0,0,1
05M046,P.S. 046 Arthur Tappan,2014,8,95,26,7,P.S. 046 ARTHUR TAPPAN,5,40.83150:-73.93615,NEW YORK,10039,PK,6,0.903,23035.78,0.09,0.01,0.5,0.48,0.97,0.01,0.9,0.39,0.91,Meeting Target,0.89,Meeting Target,0.85,Meeting Target,0.81,Meeting Target,0.8,Approaching Target,0.9,Meeting Target,Approaching Target,2.19,2.19,78,2,0,1,0,0,0,0,0,2,79,3,0,1,0,0,0,0,0,3,78,3,0,0,2,0,0,0,0,3,79,0,0,0,0,0,0,0,0,0,83,2,0,0,0,0,0,0,0,0,83,1,0,1,0,0,0,0,0,0,61,0,0,0,0,0,0,0,0,0,64,0,0,0,0,0,0,0,0,0,58,3,0,0,3,0,0,0,0,0,58,0,0,0,0,0,0,0,0,0,63,3,0,0,0,0,0,0,0,3,63,1,0,0,0,0,0,0,0,1
05M046,P.S. 046 Arthur Tappan,2015,8,73,21,10,P.S. 046 ARTHUR TAPPAN,5,40.83150:-73.93615,NEW YORK,10039,PK,6,0.903,23035.78,0.09,0.01,0.5,0.48,0.97,0.01,0.9,0.39,0.91,Meeting Target,0.89,Meeting Target,0.85,Meeting Target,0.81,Meeting Target,0.8,Approaching Target,0.9,Meeting Target,Approaching Target,2.19,2.19,78,2,0,1,0,0,0,0,0,2,79,3,0,1,0,0,0,0,0,3,78,3,0,0,2,0,0,0,0,3,79,0,0,0,0,0,0,0,0,0,83,2,0,0,0,0,0,0,0,0,83,1,0,1,0,0,0,0,0,0,61,0,0,0,0,0,0,0,0,0,64,0,0,0,0,0,0,0,0,0,58,3,0,0,3,0,0,0,0,0,58,0,0,0,0,0,0,0,0,0,63,3,0,0,0,0,0,0,0,3,63,1,0,0,0,0,0,0,0,1
05M046,P.S. 046 Arthur Tappan,2016,8,56,20,8,P.S. 046 ARTHUR TAPPAN,5,40.83150:-73.93615,NEW YORK,10039,PK,6,0.903,23035.78,0.09,0.01,0.5,0.48,0.97,0.01,0.9,0.39,0.91,Meeting Target,0.89,Meeting Target,0.85,Meeting Target,0.81,Meeting Target,0.8,Approaching Target,0.9,Meeting Target,Approaching Target,2.19,2.19,78,2,0,1,0,0,0,0,0,2,79,3,0,1,0,0,0,0,0,3,78,3,0,0,2,0,0,0,0,3,79,0,0,0,0,0,0,0,0,0,83,2,0,0,0,0,0,0,0,0,83,1,0,1,0,0,0,0,0,0,61,0,0,0,0,0,0,0,0,0,64,0,0,0,0,0,0,0,0,0,58,3,0,0,3,0,0,0,0,0,58,0,0,0,0,0,0,0,0,0,63,3,0,0,0,0,0,0,0,3,63,1,0,0,0,0,0,0,0,1
05M123,P.S. 123 Mahalia Jackson,2013,8,62,31,14,P.S. 123 MAHALIA JACKSON,5,40.82019:-73.94446,NEW YORK,10030,PK,8,0.835,34752.53,0.17,0.02,0.52,0.41,0.93,0.04,0.88,0.49,0.83,Approaching Target,0.72,Approaching Target,0.84,Approaching Target,0.65,Not Meeting Target,0.82,Approaching Target,0.81,Approaching Target,Approaching Target,2.11,2,41,0,0,0,0,0,0,0,0,0,43,0,0,0,0,0,0,0,0,0,53,3,0,3,0,0,0,0,0,0,52,0,0,0,0,0,0,0,0,0,51,2,0,0,0,0,0,0,0,0,54,1,0,0,0,0,0,0,0,0,51,2,0,2,0,0,0,0,0,2,53,1,0,1,0,0,0,0,0,0,53,0,0,0,0,0,0,0,0,0,55,0,0,0,0,0,0,0,0,0,56,1,0,1,0,0,0,0,0,1,60,0,0,0,0,0,0,0,0,0
05M123,P.S. 123 Mahalia Jackson,2014,8,62,25,13,P.S. 123 MAHALIA JACKSON,5,40.82019:-73.94446,NEW YORK,10030,PK,8,0.835,34752.53,0.17,0.02,0.52,0.41,0.93,0.04,0.88,0.49,0.83,Approaching Target,0.72,Approaching Target,0.84,Approaching Target,0.65,Not Meeting Target,0.82,Approaching Target,0.81,Approaching Target,Approaching Target,2.11,2,41,0,0,0,0,0,0,0,0,0,43,0,0,0,0,0,0,0,0,0,53,3,0,3,0,0,0,0,0,0,52,0,0,0,0,0,0,0,0,0,51,2,0,0,0,0,0,0,0,0,54,1,0,0,0,0,0,0,0,0,51,2,0,2,0,0,0,0,0,2,53,1,0,1,0,0,0,0,0,0,53,0,0,0,0,0,0,0,0,0,55,0,0,0,0,0,0,0,0,0,56,1,0,1,0,0,0,0,0,1,60,0,0,0,0,0,0,0,0,0
05M123,P.S. 123 Mahalia Jackson,2015,8,62,12,5,P.S. 123 MAHALIA JACKSON,5,40.82019:-73.94446,NEW YORK,10030,PK,8,0.835,34752.53,0.17,0.02,0.52,0.41,0.93,0.04,0.88,0.49,0.83,Approaching Target,0.72,Approaching Target,0.84,Approaching Target,0.65,Not Meeting Target,0.82,Approaching Target,0.81,Approaching Target,Approaching Target,2.11,2,41,0,0,0,0,0,0,0,0,0,43,0,0,0,0,0,0,0,0,0,53,3,0,3,0,0,0,0,0,0,52,0,0,0,0,0,0,0,0,0,51,2,0,0,0,0,0,0,0,0,54,1,0,0,0,0,0,0,0,0,51,2,0,2,0,0,0,0,0,2,53,1,0,1,0,0,0,0,0,0,53,0,0,0,0,0,0,0,0,0,55,0,0,0,0,0,0,0,0,0,56,1,0,1,0,0,0,0,0,1,60,0,0,0,0,0,0,0,0,0
05M123,P.S. 123 Mahalia Jackson,2016,8,55,16,5,P.S. 123 MAHALIA JACKSON,5,40.82019:-73.94446,NEW YORK,10030,PK,8,0.835,34752.53,0.17,0.02,0.52,0.41,0.93,0.04,0.88,0.49,0.83,Approaching Target,0.72,Approaching Target,0.84,Approaching Target,0.65,Not Meeting Target,0.82,Approaching Target,0.81,Approaching Target,Approaching Target,2.11,2,41,0,0,0,0,0,0,0,0,0,43,0,0,0,0,0,0,0,0,0,53,3,0,3,0,0,0,0,0,0,52,0,0,0,0,0,0,0,0,0,51,2,0,0,0,0,0,0,0,0,54,1,0,0,0,0,0,0,0,0,51,2,0,2,0,0,0,0,0,2,53,1,0,1,0,0,0,0,0,0,53,0,0,0,0,0,0,0,0,0,55,0,0,0,0,0,0,0,0,0,56,1,0,1,0,0,0,0,0,1,60,0,0,0,0,0,0,0,0,0
05M129,P.S. 129 John H. Finley,2013,8,84,58,14,P.S. 129 JOHN H. FINLEY,5,40.81498:-73.95212,NEW YORK,10027,PK,8,0.854,31077.89,0.11,0.02,0.42,0.51,0.93,0.01,0.92,0.33,0.9,Approaching Target,0.91,Approaching Target,0.82,Approaching Target,0.76,Approaching Target,0.81,Approaching Target,0.89,Meeting Target,Meeting Target,2.38,2.29,38,5,0,2,2,0,0,0,0,0,39,7,0,2,3,0,0,0,0,0,49,5,0,0,2,0,0,0,0,0,49,1,0,0,0,0,0,0,0,0,61,5,0,3,0,0,0,0,0,5,65,7,0,2,0,0,0,0,0,7,34,0,0,0,0,0,0,0,0,0,38,0,0,0,0,0,0,0,0,0,36,0,0,0,0,0,0,0,0,0,38,0,0,0,0,0,0,0,0,0,56,3,0,0,3,0,0,0,0,2,56,0,0,0,0,0,0,0,0,0
05M129,P.S. 129 John H. Finley,2014,8,55,23,12,P.S. 129 JOHN H. FINLEY,5,40.81498:-73.95212,NEW YORK,10027,PK,8,0.854,31077.89,0.11,0.02,0.42,0.51,0.93,0.01,0.92,0.33,0.9,Approaching Target,0.91,Approaching Target,0.82,Approaching Target,0.76,Approaching Target,0.81,Approaching Target,0.89,Meeting Target,Meeting Target,2.38,2.29,38,5,0,2,2,0,0,0,0,0,39,7,0,2,3,0,0,0,0,0,49,5,0,0,2,0,0,0,0,0,49,1,0,0,0,0,0,0,0,0,61,5,0,3,0,0,0,0,0,5,65,7,0,2,0,0,0,0,0,7,34,0,0,0,0,0,0,0,0,0,38,0,0,0,0,0,0,0,0,0,36,0,0,0,0,0,0,0,0,0,38,0,0,0,0,0,0,0,0,0,56,3,0,0,3,0,0,0,0,2,56,0,0,0,0,0,0,0,0,0
05M129,P.S. 129 John H. Finley,2015,8,63,12,10,P.S. 129 JOHN H. FINLEY,5,40.81498:-73.95212,NEW YORK,10027,PK,8,0.854,31077.89,0.11,0.02,0.42,0.51,0.93,0.01,0.92,0.33,0.9,Approaching Target,0.91,Approaching Target,0.82,Approaching Target,0.76,Approaching Target,0.81,Approaching Target,0.89,Meeting Target,Meeting Target,2.38,2.29,38,5,0,2,2,0,0,0,0,0,39,7,0,2,3,0,0,0,0,0,49,5,0,0,2,0,0,0,0,0,49,1,0,0,0,0,0,0,0,0,61,5,0,3,0,0,0,0,0,5,65,7,0,2,0,0,0,0,0,7,34,0,0,0,0,0,0,0,0,0,38,0,0,0,0,0,0,0,0,0,36,0,0,0,0,0,0,0,0,0,38,0,0,0,0,0,0,0,0,0,56,3,0,0,3,0,0,0,0,2,56,0,0,0,0,0,0,0,0,0
05M129,P.S. 129 John H. Finley,2016,8,50,15,12,P.S. 129 JOHN H. FINLEY,5,40.81498:-73.95212,NEW YORK,10027,PK,8,0.854,31077.89,0.11,0.02,0.42,0.51,0.93,0.01,0.92,0.33,0.9,Approaching Target,0.91,Approaching Target,0.82,Approaching Target,0.76,Approaching Target,0.81,Approaching Target,0.89,Meeting Target,Meeting Target,2.38,2.29,38,5,0,2,2,0,0,0,0,0,39,7,0,2,3,0,0,0,0,0,49,5,0,0,2,0,0,0,0,0,49,1,0,0,0,0,0,0,0,0,61,5,0,3,0,0,0,0,0,5,65,7,0,2,0,0,0,0,0,7,34,0,0,0,0,0,0,0,0,0,38,0,0,0,0,0,0,0,0,0,36,0,0,0,0,0,0,0,0,0,38,0,0,0,0,0,0,0,0,0,56,3,0,0,3,0,0,0,0,2,56,0,0,0,0,0,0,0,0,0
05M148,Eagle Academy for Young Men of Harlem,2015,8,76,5,5,EAGLE ACADEMY FOR YOUNG MEN OF HARLEM,5,40.81728:-73.94724,NEW YORK,10030,6,12,0.747,NA,0.03,0,0.74,0.24,0.98,0.01,0.88,0.47,0.92,Meeting Target,0.91,Meeting Target,0.83,Meeting Target,0.91,Meeting Target,0.82,Meeting Target,0.9,Meeting Target,Approaching Target,2.26,2.02,0,0,0,0,0,0,0,0,0,0,0,0,0,0,0,0,0,0,0,0,0,0,0,0,0,0,0,0,0,0,0,0,0,0,0,0,0,0,0,0,0,0,0,0,0,0,0,0,0,0,0,0,0,0,0,0,0,0,0,0,49,1,0,1,0,0,0,0,0,0,48,0,0,0,0,0,0,0,0,0,48,2,0,2,0,0,0,0,0,2,47,0,0,0,0,0,0,0,0,0,64,2,0,1,0,0,0,0,0,1,40,0,0,0,0,0,0,0,0,0
05M148,Eagle Academy for Young Men of Harlem,2016,8,60,7,6,EAGLE ACADEMY FOR YOUNG MEN OF HARLEM,5,40.81728:-73.94724,NEW YORK,10030,6,12,0.747,NA,0.03,0,0.74,0.24,0.98,0.01,0.88,0.47,0.92,Meeting Target,0.91,Meeting Target,0.83,Meeting Target,0.91,Meeting Target,0.82,Meeting Target,0.9,Meeting Target,Approaching Target,2.26,2.02,0,0,0,0,0,0,0,0,0,0,0,0,0,0,0,0,0,0,0,0,0,0,0,0,0,0,0,0,0,0,0,0,0,0,0,0,0,0,0,0,0,0,0,0,0,0,0,0,0,0,0,0,0,0,0,0,0,0,0,0,49,1,0,1,0,0,0,0,0,0,48,0,0,0,0,0,0,0,0,0,48,2,0,2,0,0,0,0,0,2,47,0,0,0,0,0,0,0,0,0,64,2,0,1,0,0,0,0,0,1,40,0,0,0,0,0,0,0,0,0
05M148,Eagle Academy for Young Men of Harlem,2016,9,86,0,0,EAGLE ACADEMY FOR YOUNG MEN OF HARLEM,5,40.81728:-73.94724,NEW YORK,10030,6,12,0.747,NA,0.03,0,0.74,0.24,0.98,0.01,0.88,0.47,0.92,Meeting Target,0.91,Meeting Target,0.83,Meeting Target,0.91,Meeting Target,0.82,Meeting Target,0.9,Meeting Target,Approaching Target,2.26,2.02,0,0,0,0,0,0,0,0,0,0,0,0,0,0,0,0,0,0,0,0,0,0,0,0,0,0,0,0,0,0,0,0,0,0,0,0,0,0,0,0,0,0,0,0,0,0,0,0,0,0,0,0,0,0,0,0,0,0,0,0,49,1,0,1,0,0,0,0,0,0,48,0,0,0,0,0,0,0,0,0,48,2,0,2,0,0,0,0,0,2,47,0,0,0,0,0,0,0,0,0,64,2,0,1,0,0,0,0,0,1,40,0,0,0,0,0,0,0,0,0
05M157,The Urban Assembly School for Global Commerce,2013,9,82,3,1,NA,NA,NA,NA,NA,NA,NA,NA,NA,NA,NA,NA,NA,NA,NA,NA,NA,NA,NA,NA,NA,NA,NA,NA,NA,NA,NA,NA,NA,NA,NA,NA,NA,NA,NA,NA,NA,NA,NA,NA,NA,NA,NA,NA,NA,NA,NA,NA,NA,NA,NA,NA,NA,NA,NA,NA,NA,NA,NA,NA,NA,NA,NA,NA,NA,NA,NA,NA,NA,NA,NA,NA,NA,NA,NA,NA,NA,NA,NA,NA,NA,NA,NA,NA,NA,NA,NA,NA,NA,NA,NA,NA,NA,NA,NA,NA,NA,NA,NA,NA,NA,NA,NA,NA,NA,NA,NA,NA,NA,NA,NA,NA,NA,NA,NA,NA,NA,NA,NA,NA,NA,NA,NA,NA,NA,NA,NA,NA,NA,NA,NA,NA,NA,NA,NA,NA,NA,NA,NA,NA,NA,NA,NA,NA,NA,NA,NA,NA,NA,NA,NA,NA
05M157,The Urban Assembly School for Global Commerce,2014,9,103,2,1,NA,NA,NA,NA,NA,NA,NA,NA,NA,NA,NA,NA,NA,NA,NA,NA,NA,NA,NA,NA,NA,NA,NA,NA,NA,NA,NA,NA,NA,NA,NA,NA,NA,NA,NA,NA,NA,NA,NA,NA,NA,NA,NA,NA,NA,NA,NA,NA,NA,NA,NA,NA,NA,NA,NA,NA,NA,NA,NA,NA,NA,NA,NA,NA,NA,NA,NA,NA,NA,NA,NA,NA,NA,NA,NA,NA,NA,NA,NA,NA,NA,NA,NA,NA,NA,NA,NA,NA,NA,NA,NA,NA,NA,NA,NA,NA,NA,NA,NA,NA,NA,NA,NA,NA,NA,NA,NA,NA,NA,NA,NA,NA,NA,NA,NA,NA,NA,NA,NA,NA,NA,NA,NA,NA,NA,NA,NA,NA,NA,NA,NA,NA,NA,NA,NA,NA,NA,NA,NA,NA,NA,NA,NA,NA,NA,NA,NA,NA,NA,NA,NA,NA
05M157,The Urban Assembly School for Global Commerce,2015,9,60,2,1,NA,NA,NA,NA,NA,NA,NA,NA,NA,NA,NA,NA,NA,NA,NA,NA,NA,NA,NA,NA,NA,NA,NA,NA,NA,NA,NA,NA,NA,NA,NA,NA,NA,NA,NA,NA,NA,NA,NA,NA,NA,NA,NA,NA,NA,NA,NA,NA,NA,NA,NA,NA,NA,NA,NA,NA,NA,NA,NA,NA,NA,NA,NA,NA,NA,NA,NA,NA,NA,NA,NA,NA,NA,NA,NA,NA,NA,NA,NA,NA,NA,NA,NA,NA,NA,NA,NA,NA,NA,NA,NA,NA,NA,NA,NA,NA,NA,NA,NA,NA,NA,NA,NA,NA,NA,NA,NA,NA,NA,NA,NA,NA,NA,NA,NA,NA,NA,NA,NA,NA,NA,NA,NA,NA,NA,NA,NA,NA,NA,NA,NA,NA,NA,NA,NA,NA,NA,NA,NA,NA,NA,NA,NA,NA,NA,NA,NA,NA,NA,NA,NA,NA
05M157,The Urban Assembly School for Global Commerce,2016,9,64,0,0,NA,NA,NA,NA,NA,NA,NA,NA,NA,NA,NA,NA,NA,NA,NA,NA,NA,NA,NA,NA,NA,NA,NA,NA,NA,NA,NA,NA,NA,NA,NA,NA,NA,NA,NA,NA,NA,NA,NA,NA,NA,NA,NA,NA,NA,NA,NA,NA,NA,NA,NA,NA,NA,NA,NA,NA,NA,NA,NA,NA,NA,NA,NA,NA,NA,NA,NA,NA,NA,NA,NA,NA,NA,NA,NA,NA,NA,NA,NA,NA,NA,NA,NA,NA,NA,NA,NA,NA,NA,NA,NA,NA,NA,NA,NA,NA,NA,NA,NA,NA,NA,NA,NA,NA,NA,NA,NA,NA,NA,NA,NA,NA,NA,NA,NA,NA,NA,NA,NA,NA,NA,NA,NA,NA,NA,NA,NA,NA,NA,NA,NA,NA,NA,NA,NA,NA,NA,NA,NA,NA,NA,NA,NA,NA,NA,NA,NA,NA,NA,NA,NA,NA
05M161,P.S. 161 Pedro Albizu Campos,2013,8,118,10,5,P.S. 161 PEDRO ALBIZU CAMPOS,5,40.81772:-73.95246,NEW YORK,10027,PK,8,0.875,29854.02,0.27,0.03,0.18,0.77,0.95,0.01,0.91,0.35,0.89,Meeting Target,0.89,Meeting Target,0.85,Meeting Target,0.79,Meeting Target,0.86,Meeting Target,0.9,Meeting Target,Meeting Target,2.28,2.38,69,0,0,0,0,0,0,0,0,0,70,6,0,0,6,0,0,0,1,0,77,1,0,0,1,0,0,0,0,0,81,7,0,0,5,0,0,0,0,0,109,2,0,0,2,0,0,0,0,0,112,11,0,0,9,0,0,0,1,11,112,7,0,0,6,0,0,0,0,7,114,12,0,0,10,0,0,0,1,12,100,4,0,0,3,0,0,0,0,3,101,1,0,0,1,0,0,0,0,1,113,5,0,0,5,0,0,0,0,5,117,0,0,0,0,0,0,0,0,0
05M161,P.S. 161 Pedro Albizu Campos,2014,8,123,26,17,P.S. 161 PEDRO ALBIZU CAMPOS,5,40.81772:-73.95246,NEW YORK,10027,PK,8,0.875,29854.02,0.27,0.03,0.18,0.77,0.95,0.01,0.91,0.35,0.89,Meeting Target,0.89,Meeting Target,0.85,Meeting Target,0.79,Meeting Target,0.86,Meeting Target,0.9,Meeting Target,Meeting Target,2.28,2.38,69,0,0,0,0,0,0,0,0,0,70,6,0,0,6,0,0,0,1,0,77,1,0,0,1,0,0,0,0,0,81,7,0,0,5,0,0,0,0,0,109,2,0,0,2,0,0,0,0,0,112,11,0,0,9,0,0,0,1,11,112,7,0,0,6,0,0,0,0,7,114,12,0,0,10,0,0,0,1,12,100,4,0,0,3,0,0,0,0,3,101,1,0,0,1,0,0,0,0,1,113,5,0,0,5,0,0,0,0,5,117,0,0,0,0,0,0,0,0,0
05M161,P.S. 161 Pedro Albizu Campos,2015,8,120,28,22,P.S. 161 PEDRO ALBIZU CAMPOS,5,40.81772:-73.95246,NEW YORK,10027,PK,8,0.875,29854.02,0.27,0.03,0.18,0.77,0.95,0.01,0.91,0.35,0.89,Meeting Target,0.89,Meeting Target,0.85,Meeting Target,0.79,Meeting Target,0.86,Meeting Target,0.9,Meeting Target,Meeting Target,2.28,2.38,69,0,0,0,0,0,0,0,0,0,70,6,0,0,6,0,0,0,1,0,77,1,0,0,1,0,0,0,0,0,81,7,0,0,5,0,0,0,0,0,109,2,0,0,2,0,0,0,0,0,112,11,0,0,9,0,0,0,1,11,112,7,0,0,6,0,0,0,0,7,114,12,0,0,10,0,0,0,1,12,100,4,0,0,3,0,0,0,0,3,101,1,0,0,1,0,0,0,0,1,113,5,0,0,5,0,0,0,0,5,117,0,0,0,0,0,0,0,0,0
05M161,P.S. 161 Pedro Albizu Campos,2016,8,114,18,11,P.S. 161 PEDRO ALBIZU CAMPOS,5,40.81772:-73.95246,NEW YORK,10027,PK,8,0.875,29854.02,0.27,0.03,0.18,0.77,0.95,0.01,0.91,0.35,0.89,Meeting Target,0.89,Meeting Target,0.85,Meeting Target,0.79,Meeting Target,0.86,Meeting Target,0.9,Meeting Target,Meeting Target,2.28,2.38,69,0,0,0,0,0,0,0,0,0,70,6,0,0,6,0,0,0,1,0,77,1,0,0,1,0,0,0,0,0,81,7,0,0,5,0,0,0,0,0,109,2,0,0,2,0,0,0,0,0,112,11,0,0,9,0,0,0,1,11,112,7,0,0,6,0,0,0,0,7,114,12,0,0,10,0,0,0,1,12,100,4,0,0,3,0,0,0,0,3,101,1,0,0,1,0,0,0,0,1,113,5,0,0,5,0,0,0,0,5,117,0,0,0,0,0,0,0,0,0
05M286,I.S. M286 Renaissance Leadership Academy,2013,8,60,27,13,URBAN ASSEMBLY ACADEMY FOR FUTURE LEADERS,5,40.81574:-73.95560,NEW YORK,10027,6,8,0.817,NA,0.06,0,0.59,0.39,0.98,0.01,0.87,0.42,0.92,Meeting Target,0.86,Meeting Target,0.9,Meeting Target,0.76,Approaching Target,0.78,Approaching Target,0.86,Approaching Target,Not Meeting Target,2.12,1.92,0,0,0,0,0,0,0,0,0,0,0,0,0,0,0,0,0,0,0,0,0,0,0,0,0,0,0,0,0,0,0,0,0,0,0,0,0,0,0,0,0,0,0,0,0,0,0,0,0,0,0,0,0,0,0,0,0,0,0,0,49,3,0,1,0,0,0,0,0,0,49,0,0,0,0,0,0,0,0,0,52,0,0,0,0,0,0,0,0,0,52,0,0,0,0,0,0,0,0,0,36,0,0,0,0,0,0,0,0,0,36,0,0,0,0,0,0,0,0,0
05M286,I.S. M286 Renaissance Leadership Academy,2014,8,67,44,9,URBAN ASSEMBLY ACADEMY FOR FUTURE LEADERS,5,40.81574:-73.95560,NEW YORK,10027,6,8,0.817,NA,0.06,0,0.59,0.39,0.98,0.01,0.87,0.42,0.92,Meeting Target,0.86,Meeting Target,0.9,Meeting Target,0.76,Approaching Target,0.78,Approaching Target,0.86,Approaching Target,Not Meeting Target,2.12,1.92,0,0,0,0,0,0,0,0,0,0,0,0,0,0,0,0,0,0,0,0,0,0,0,0,0,0,0,0,0,0,0,0,0,0,0,0,0,0,0,0,0,0,0,0,0,0,0,0,0,0,0,0,0,0,0,0,0,0,0,0,49,3,0,1,0,0,0,0,0,0,49,0,0,0,0,0,0,0,0,0,52,0,0,0,0,0,0,0,0,0,52,0,0,0,0,0,0,0,0,0,36,0,0,0,0,0,0,0,0,0,36,0,0,0,0,0,0,0,0,0
05M286,I.S. M286 Renaissance Leadership Academy,2015,8,38,38,6,URBAN ASSEMBLY ACADEMY FOR FUTURE LEADERS,5,40.81574:-73.95560,NEW YORK,10027,6,8,0.817,NA,0.06,0,0.59,0.39,0.98,0.01,0.87,0.42,0.92,Meeting Target,0.86,Meeting Target,0.9,Meeting Target,0.76,Approaching Target,0.78,Approaching Target,0.86,Approaching Target,Not Meeting Target,2.12,1.92,0,0,0,0,0,0,0,0,0,0,0,0,0,0,0,0,0,0,0,0,0,0,0,0,0,0,0,0,0,0,0,0,0,0,0,0,0,0,0,0,0,0,0,0,0,0,0,0,0,0,0,0,0,0,0,0,0,0,0,0,49,3,0,1,0,0,0,0,0,0,49,0,0,0,0,0,0,0,0,0,52,0,0,0,0,0,0,0,0,0,52,0,0,0,0,0,0,0,0,0,36,0,0,0,0,0,0,0,0,0,36,0,0,0,0,0,0,0,0,0
05M286,Urban Assembly Academy for Future Leaders,2016,8,93,90,25,URBAN ASSEMBLY ACADEMY FOR FUTURE LEADERS,5,40.81574:-73.95560,NEW YORK,10027,6,8,0.817,NA,0.06,0,0.59,0.39,0.98,0.01,0.87,0.42,0.92,Meeting Target,0.86,Meeting Target,0.9,Meeting Target,0.76,Approaching Target,0.78,Approaching Target,0.86,Approaching Target,Not Meeting Target,2.12,1.92,0,0,0,0,0,0,0,0,0,0,0,0,0,0,0,0,0,0,0,0,0,0,0,0,0,0,0,0,0,0,0,0,0,0,0,0,0,0,0,0,0,0,0,0,0,0,0,0,0,0,0,0,0,0,0,0,0,0,0,0,49,3,0,1,0,0,0,0,0,0,49,0,0,0,0,0,0,0,0,0,52,0,0,0,0,0,0,0,0,0,52,0,0,0,0,0,0,0,0,0,36,0,0,0,0,0,0,0,0,0,36,0,0,0,0,0,0,0,0,0
05M302,KAPPA IV,2013,8,54,28,15,KAPPA IV,5,40.81728:-73.94724,NEW YORK,10030,6,8,0.852,NA,0.14,0.06,0.53,0.39,0.92,0.01,0.9,0.35,0.77,Approaching Target,0.81,Meeting Target,0.81,Approaching Target,0.69,Not Meeting Target,0.83,Meeting Target,0.84,Approaching Target,Approaching Target,2.16,1.89,0,0,0,0,0,0,0,0,0,0,0,0,0,0,0,0,0,0,0,0,0,0,0,0,0,0,0,0,0,0,0,0,0,0,0,0,0,0,0,0,0,0,0,0,0,0,0,0,0,0,0,0,0,0,0,0,0,0,0,0,44,0,0,0,0,0,0,0,0,0,45,0,0,0,0,0,0,0,0,0,39,0,0,0,0,0,0,0,0,0,41,0,0,0,0,0,0,0,0,0,56,0,0,0,0,0,0,0,0,0,57,0,0,0,0,0,0,0,0,0
05M302,KAPPA IV,2014,8,86,25,13,KAPPA IV,5,40.81728:-73.94724,NEW YORK,10030,6,8,0.852,NA,0.14,0.06,0.53,0.39,0.92,0.01,0.9,0.35,0.77,Approaching Target,0.81,Meeting Target,0.81,Approaching Target,0.69,Not Meeting Target,0.83,Meeting Target,0.84,Approaching Target,Approaching Target,2.16,1.89,0,0,0,0,0,0,0,0,0,0,0,0,0,0,0,0,0,0,0,0,0,0,0,0,0,0,0,0,0,0,0,0,0,0,0,0,0,0,0,0,0,0,0,0,0,0,0,0,0,0,0,0,0,0,0,0,0,0,0,0,44,0,0,0,0,0,0,0,0,0,45,0,0,0,0,0,0,0,0,0,39,0,0,0,0,0,0,0,0,0,41,0,0,0,0,0,0,0,0,0,56,0,0,0,0,0,0,0,0,0,57,0,0,0,0,0,0,0,0,0
05M302,KAPPA IV,2015,8,62,18,6,KAPPA IV,5,40.81728:-73.94724,NEW YORK,10030,6,8,0.852,NA,0.14,0.06,0.53,0.39,0.92,0.01,0.9,0.35,0.77,Approaching Target,0.81,Meeting Target,0.81,Approaching Target,0.69,Not Meeting Target,0.83,Meeting Target,0.84,Approaching Target,Approaching Target,2.16,1.89,0,0,0,0,0,0,0,0,0,0,0,0,0,0,0,0,0,0,0,0,0,0,0,0,0,0,0,0,0,0,0,0,0,0,0,0,0,0,0,0,0,0,0,0,0,0,0,0,0,0,0,0,0,0,0,0,0,0,0,0,44,0,0,0,0,0,0,0,0,0,45,0,0,0,0,0,0,0,0,0,39,0,0,0,0,0,0,0,0,0,41,0,0,0,0,0,0,0,0,0,56,0,0,0,0,0,0,0,0,0,57,0,0,0,0,0,0,0,0,0
05M302,KAPPA IV,2016,8,48,26,6,KAPPA IV,5,40.81728:-73.94724,NEW YORK,10030,6,8,0.852,NA,0.14,0.06,0.53,0.39,0.92,0.01,0.9,0.35,0.77,Approaching Target,0.81,Meeting Target,0.81,Approaching Target,0.69,Not Meeting Target,0.83,Meeting Target,0.84,Approaching Target,Approaching Target,2.16,1.89,0,0,0,0,0,0,0,0,0,0,0,0,0,0,0,0,0,0,0,0,0,0,0,0,0,0,0,0,0,0,0,0,0,0,0,0,0,0,0,0,0,0,0,0,0,0,0,0,0,0,0,0,0,0,0,0,0,0,0,0,44,0,0,0,0,0,0,0,0,0,45,0,0,0,0,0,0,0,0,0,39,0,0,0,0,0,0,0,0,0,41,0,0,0,0,0,0,0,0,0,56,0,0,0,0,0,0,0,0,0,57,0,0,0,0,0,0,0,0,0
05M304,Mott Hall High School,2013,9,128,0,0,NA,NA,NA,NA,NA,NA,NA,NA,NA,NA,NA,NA,NA,NA,NA,NA,NA,NA,NA,NA,NA,NA,NA,NA,NA,NA,NA,NA,NA,NA,NA,NA,NA,NA,NA,NA,NA,NA,NA,NA,NA,NA,NA,NA,NA,NA,NA,NA,NA,NA,NA,NA,NA,NA,NA,NA,NA,NA,NA,NA,NA,NA,NA,NA,NA,NA,NA,NA,NA,NA,NA,NA,NA,NA,NA,NA,NA,NA,NA,NA,NA,NA,NA,NA,NA,NA,NA,NA,NA,NA,NA,NA,NA,NA,NA,NA,NA,NA,NA,NA,NA,NA,NA,NA,NA,NA,NA,NA,NA,NA,NA,NA,NA,NA,NA,NA,NA,NA,NA,NA,NA,NA,NA,NA,NA,NA,NA,NA,NA,NA,NA,NA,NA,NA,NA,NA,NA,NA,NA,NA,NA,NA,NA,NA,NA,NA,NA,NA,NA,NA,NA,NA
05M304,Mott Hall High School,2014,9,144,2,0,NA,NA,NA,NA,NA,NA,NA,NA,NA,NA,NA,NA,NA,NA,NA,NA,NA,NA,NA,NA,NA,NA,NA,NA,NA,NA,NA,NA,NA,NA,NA,NA,NA,NA,NA,NA,NA,NA,NA,NA,NA,NA,NA,NA,NA,NA,NA,NA,NA,NA,NA,NA,NA,NA,NA,NA,NA,NA,NA,NA,NA,NA,NA,NA,NA,NA,NA,NA,NA,NA,NA,NA,NA,NA,NA,NA,NA,NA,NA,NA,NA,NA,NA,NA,NA,NA,NA,NA,NA,NA,NA,NA,NA,NA,NA,NA,NA,NA,NA,NA,NA,NA,NA,NA,NA,NA,NA,NA,NA,NA,NA,NA,NA,NA,NA,NA,NA,NA,NA,NA,NA,NA,NA,NA,NA,NA,NA,NA,NA,NA,NA,NA,NA,NA,NA,NA,NA,NA,NA,NA,NA,NA,NA,NA,NA,NA,NA,NA,NA,NA,NA,NA
05M304,Mott Hall High School,2015,9,130,1,1,NA,NA,NA,NA,NA,NA,NA,NA,NA,NA,NA,NA,NA,NA,NA,NA,NA,NA,NA,NA,NA,NA,NA,NA,NA,NA,NA,NA,NA,NA,NA,NA,NA,NA,NA,NA,NA,NA,NA,NA,NA,NA,NA,NA,NA,NA,NA,NA,NA,NA,NA,NA,NA,NA,NA,NA,NA,NA,NA,NA,NA,NA,NA,NA,NA,NA,NA,NA,NA,NA,NA,NA,NA,NA,NA,NA,NA,NA,NA,NA,NA,NA,NA,NA,NA,NA,NA,NA,NA,NA,NA,NA,NA,NA,NA,NA,NA,NA,NA,NA,NA,NA,NA,NA,NA,NA,NA,NA,NA,NA,NA,NA,NA,NA,NA,NA,NA,NA,NA,NA,NA,NA,NA,NA,NA,NA,NA,NA,NA,NA,NA,NA,NA,NA,NA,NA,NA,NA,NA,NA,NA,NA,NA,NA,NA,NA,NA,NA,NA,NA,NA,NA
05M304,Mott Hall High School,2016,9,102,0,0,NA,NA,NA,NA,NA,NA,NA,NA,NA,NA,NA,NA,NA,NA,NA,NA,NA,NA,NA,NA,NA,NA,NA,NA,NA,NA,NA,NA,NA,NA,NA,NA,NA,NA,NA,NA,NA,NA,NA,NA,NA,NA,NA,NA,NA,NA,NA,NA,NA,NA,NA,NA,NA,NA,NA,NA,NA,NA,NA,NA,NA,NA,NA,NA,NA,NA,NA,NA,NA,NA,NA,NA,NA,NA,NA,NA,NA,NA,NA,NA,NA,NA,NA,NA,NA,NA,NA,NA,NA,NA,NA,NA,NA,NA,NA,NA,NA,NA,NA,NA,NA,NA,NA,NA,NA,NA,NA,NA,NA,NA,NA,NA,NA,NA,NA,NA,NA,NA,NA,NA,NA,NA,NA,NA,NA,NA,NA,NA,NA,NA,NA,NA,NA,NA,NA,NA,NA,NA,NA,NA,NA,NA,NA,NA,NA,NA,NA,NA,NA,NA,NA,NA
05M362,Columbia Secondary School,2013,8,96,43,37,COLUMBIA SECONDARY SCHOOL,5,40.81064:-73.95585,NEW YORK,10027,6,12,0.507,NA,0,0.12,0.21,0.44,0.65,0.2,0.98,0.01,0.87,Exceeding Target,0.92,Exceeding Target,0.88,Exceeding Target,0.9,Exceeding Target,0.84,Exceeding Target,0.93,Exceeding Target,Exceeding Target,3.47,3.73,0,0,0,0,0,0,0,0,0,0,0,0,0,0,0,0,0,0,0,0,0,0,0,0,0,0,0,0,0,0,0,0,0,0,0,0,0,0,0,0,0,0,0,0,0,0,0,0,0,0,0,0,0,0,0,0,0,0,0,0,86,49,0,9,16,6,12,6,0,26,87,63,0,12,23,8,13,7,0,30,89,34,0,3,12,0,10,0,0,13,89,63,0,16,16,0,18,0,0,19,83,43,0,5,14,0,14,0,0,16,0,0,0,0,0,0,0,0,0,0
05M362,Columbia Secondary School,2014,8,95,94,43,COLUMBIA SECONDARY SCHOOL,5,40.81064:-73.95585,NEW YORK,10027,6,12,0.507,NA,0,0.12,0.21,0.44,0.65,0.2,0.98,0.01,0.87,Exceeding Target,0.92,Exceeding Target,0.88,Exceeding Target,0.9,Exceeding Target,0.84,Exceeding Target,0.93,Exceeding Target,Exceeding Target,3.47,3.73,0,0,0,0,0,0,0,0,0,0,0,0,0,0,0,0,0,0,0,0,0,0,0,0,0,0,0,0,0,0,0,0,0,0,0,0,0,0,0,0,0,0,0,0,0,0,0,0,0,0,0,0,0,0,0,0,0,0,0,0,86,49,0,9,16,6,12,6,0,26,87,63,0,12,23,8,13,7,0,30,89,34,0,3,12,0,10,0,0,13,89,63,0,16,16,0,18,0,0,19,83,43,0,5,14,0,14,0,0,16,0,0,0,0,0,0,0,0,0,0
05M362,Columbia Secondary School,2015,8,97,46,38,COLUMBIA SECONDARY SCHOOL,5,40.81064:-73.95585,NEW YORK,10027,6,12,0.507,NA,0,0.12,0.21,0.44,0.65,0.2,0.98,0.01,0.87,Exceeding Target,0.92,Exceeding Target,0.88,Exceeding Target,0.9,Exceeding Target,0.84,Exceeding Target,0.93,Exceeding Target,Exceeding Target,3.47,3.73,0,0,0,0,0,0,0,0,0,0,0,0,0,0,0,0,0,0,0,0,0,0,0,0,0,0,0,0,0,0,0,0,0,0,0,0,0,0,0,0,0,0,0,0,0,0,0,0,0,0,0,0,0,0,0,0,0,0,0,0,86,49,0,9,16,6,12,6,0,26,87,63,0,12,23,8,13,7,0,30,89,34,0,3,12,0,10,0,0,13,89,63,0,16,16,0,18,0,0,19,83,43,0,5,14,0,14,0,0,16,0,0,0,0,0,0,0,0,0,0
05M362,Columbia Secondary School,2016,8,98,50,45,COLUMBIA SECONDARY SCHOOL,5,40.81064:-73.95585,NEW YORK,10027,6,12,0.507,NA,0,0.12,0.21,0.44,0.65,0.2,0.98,0.01,0.87,Exceeding Target,0.92,Exceeding Target,0.88,Exceeding Target,0.9,Exceeding Target,0.84,Exceeding Target,0.93,Exceeding Target,Exceeding Target,3.47,3.73,0,0,0,0,0,0,0,0,0,0,0,0,0,0,0,0,0,0,0,0,0,0,0,0,0,0,0,0,0,0,0,0,0,0,0,0,0,0,0,0,0,0,0,0,0,0,0,0,0,0,0,0,0,0,0,0,0,0,0,0,86,49,0,9,16,6,12,6,0,26,87,63,0,12,23,8,13,7,0,30,89,34,0,3,12,0,10,0,0,13,89,63,0,16,16,0,18,0,0,19,83,43,0,5,14,0,14,0,0,16,0,0,0,0,0,0,0,0,0,0
05M362,Columbia Secondary School,2013,9,110,7,5,COLUMBIA SECONDARY SCHOOL,5,40.81064:-73.95585,NEW YORK,10027,6,12,0.507,NA,0,0.12,0.21,0.44,0.65,0.2,0.98,0.01,0.87,Exceeding Target,0.92,Exceeding Target,0.88,Exceeding Target,0.9,Exceeding Target,0.84,Exceeding Target,0.93,Exceeding Target,Exceeding Target,3.47,3.73,0,0,0,0,0,0,0,0,0,0,0,0,0,0,0,0,0,0,0,0,0,0,0,0,0,0,0,0,0,0,0,0,0,0,0,0,0,0,0,0,0,0,0,0,0,0,0,0,0,0,0,0,0,0,0,0,0,0,0,0,86,49,0,9,16,6,12,6,0,26,87,63,0,12,23,8,13,7,0,30,89,34,0,3,12,0,10,0,0,13,89,63,0,16,16,0,18,0,0,19,83,43,0,5,14,0,14,0,0,16,0,0,0,0,0,0,0,0,0,0
05M362,Columbia Secondary School,2014,9,96,4,3,COLUMBIA SECONDARY SCHOOL,5,40.81064:-73.95585,NEW YORK,10027,6,12,0.507,NA,0,0.12,0.21,0.44,0.65,0.2,0.98,0.01,0.87,Exceeding Target,0.92,Exceeding Target,0.88,Exceeding Target,0.9,Exceeding Target,0.84,Exceeding Target,0.93,Exceeding Target,Exceeding Target,3.47,3.73,0,0,0,0,0,0,0,0,0,0,0,0,0,0,0,0,0,0,0,0,0,0,0,0,0,0,0,0,0,0,0,0,0,0,0,0,0,0,0,0,0,0,0,0,0,0,0,0,0,0,0,0,0,0,0,0,0,0,0,0,86,49,0,9,16,6,12,6,0,26,87,63,0,12,23,8,13,7,0,30,89,34,0,3,12,0,10,0,0,13,89,63,0,16,16,0,18,0,0,19,83,43,0,5,14,0,14,0,0,16,0,0,0,0,0,0,0,0,0,0
05M362,Columbia Secondary School,2015,9,101,0,0,COLUMBIA SECONDARY SCHOOL,5,40.81064:-73.95585,NEW YORK,10027,6,12,0.507,NA,0,0.12,0.21,0.44,0.65,0.2,0.98,0.01,0.87,Exceeding Target,0.92,Exceeding Target,0.88,Exceeding Target,0.9,Exceeding Target,0.84,Exceeding Target,0.93,Exceeding Target,Exceeding Target,3.47,3.73,0,0,0,0,0,0,0,0,0,0,0,0,0,0,0,0,0,0,0,0,0,0,0,0,0,0,0,0,0,0,0,0,0,0,0,0,0,0,0,0,0,0,0,0,0,0,0,0,0,0,0,0,0,0,0,0,0,0,0,0,86,49,0,9,16,6,12,6,0,26,87,63,0,12,23,8,13,7,0,30,89,34,0,3,12,0,10,0,0,13,89,63,0,16,16,0,18,0,0,19,83,43,0,5,14,0,14,0,0,16,0,0,0,0,0,0,0,0,0,0
05M362,Columbia Secondary School,2016,9,101,9,8,COLUMBIA SECONDARY SCHOOL,5,40.81064:-73.95585,NEW YORK,10027,6,12,0.507,NA,0,0.12,0.21,0.44,0.65,0.2,0.98,0.01,0.87,Exceeding Target,0.92,Exceeding Target,0.88,Exceeding Target,0.9,Exceeding Target,0.84,Exceeding Target,0.93,Exceeding Target,Exceeding Target,3.47,3.73,0,0,0,0,0,0,0,0,0,0,0,0,0,0,0,0,0,0,0,0,0,0,0,0,0,0,0,0,0,0,0,0,0,0,0,0,0,0,0,0,0,0,0,0,0,0,0,0,0,0,0,0,0,0,0,0,0,0,0,0,86,49,0,9,16,6,12,6,0,26,87,63,0,12,23,8,13,7,0,30,89,34,0,3,12,0,10,0,0,13,89,63,0,16,16,0,18,0,0,19,83,43,0,5,14,0,14,0,0,16,0,0,0,0,0,0,0,0,0,0
05M367,Academy for Social Action: A College Board School,2013,8,30,7,3,NA,NA,NA,NA,NA,NA,NA,NA,NA,NA,NA,NA,NA,NA,NA,NA,NA,NA,NA,NA,NA,NA,NA,NA,NA,NA,NA,NA,NA,NA,NA,NA,NA,NA,NA,NA,NA,NA,NA,NA,NA,NA,NA,NA,NA,NA,NA,NA,NA,NA,NA,NA,NA,NA,NA,NA,NA,NA,NA,NA,NA,NA,NA,NA,NA,NA,NA,NA,NA,NA,NA,NA,NA,NA,NA,NA,NA,NA,NA,NA,NA,NA,NA,NA,NA,NA,NA,NA,NA,NA,NA,NA,NA,NA,NA,NA,NA,NA,NA,NA,NA,NA,NA,NA,NA,NA,NA,NA,NA,NA,NA,NA,NA,NA,NA,NA,NA,NA,NA,NA,NA,NA,NA,NA,NA,NA,NA,NA,NA,NA,NA,NA,NA,NA,NA,NA,NA,NA,NA,NA,NA,NA,NA,NA,NA,NA,NA,NA,NA,NA,NA,NA
05M367,Academy for Social Action: A College Board School,2014,8,17,7,1,NA,NA,NA,NA,NA,NA,NA,NA,NA,NA,NA,NA,NA,NA,NA,NA,NA,NA,NA,NA,NA,NA,NA,NA,NA,NA,NA,NA,NA,NA,NA,NA,NA,NA,NA,NA,NA,NA,NA,NA,NA,NA,NA,NA,NA,NA,NA,NA,NA,NA,NA,NA,NA,NA,NA,NA,NA,NA,NA,NA,NA,NA,NA,NA,NA,NA,NA,NA,NA,NA,NA,NA,NA,NA,NA,NA,NA,NA,NA,NA,NA,NA,NA,NA,NA,NA,NA,NA,NA,NA,NA,NA,NA,NA,NA,NA,NA,NA,NA,NA,NA,NA,NA,NA,NA,NA,NA,NA,NA,NA,NA,NA,NA,NA,NA,NA,NA,NA,NA,NA,NA,NA,NA,NA,NA,NA,NA,NA,NA,NA,NA,NA,NA,NA,NA,NA,NA,NA,NA,NA,NA,NA,NA,NA,NA,NA,NA,NA,NA,NA,NA,NA
05M367,Academy for Social Action: A College Board School,2013,9,88,0,0,NA,NA,NA,NA,NA,NA,NA,NA,NA,NA,NA,NA,NA,NA,NA,NA,NA,NA,NA,NA,NA,NA,NA,NA,NA,NA,NA,NA,NA,NA,NA,NA,NA,NA,NA,NA,NA,NA,NA,NA,NA,NA,NA,NA,NA,NA,NA,NA,NA,NA,NA,NA,NA,NA,NA,NA,NA,NA,NA,NA,NA,NA,NA,NA,NA,NA,NA,NA,NA,NA,NA,NA,NA,NA,NA,NA,NA,NA,NA,NA,NA,NA,NA,NA,NA,NA,NA,NA,NA,NA,NA,NA,NA,NA,NA,NA,NA,NA,NA,NA,NA,NA,NA,NA,NA,NA,NA,NA,NA,NA,NA,NA,NA,NA,NA,NA,NA,NA,NA,NA,NA,NA,NA,NA,NA,NA,NA,NA,NA,NA,NA,NA,NA,NA,NA,NA,NA,NA,NA,NA,NA,NA,NA,NA,NA,NA,NA,NA,NA,NA,NA,NA
05M367,Academy for Social Action: A College Board School,2014,9,74,0,0,NA,NA,NA,NA,NA,NA,NA,NA,NA,NA,NA,NA,NA,NA,NA,NA,NA,NA,NA,NA,NA,NA,NA,NA,NA,NA,NA,NA,NA,NA,NA,NA,NA,NA,NA,NA,NA,NA,NA,NA,NA,NA,NA,NA,NA,NA,NA,NA,NA,NA,NA,NA,NA,NA,NA,NA,NA,NA,NA,NA,NA,NA,NA,NA,NA,NA,NA,NA,NA,NA,NA,NA,NA,NA,NA,NA,NA,NA,NA,NA,NA,NA,NA,NA,NA,NA,NA,NA,NA,NA,NA,NA,NA,NA,NA,NA,NA,NA,NA,NA,NA,NA,NA,NA,NA,NA,NA,NA,NA,NA,NA,NA,NA,NA,NA,NA,NA,NA,NA,NA,NA,NA,NA,NA,NA,NA,NA,NA,NA,NA,NA,NA,NA,NA,NA,NA,NA,NA,NA,NA,NA,NA,NA,NA,NA,NA,NA,NA,NA,NA,NA,NA
05M367,Academy for Social Action: A College Board School,2015,9,45,0,0,NA,NA,NA,NA,NA,NA,NA,NA,NA,NA,NA,NA,NA,NA,NA,NA,NA,NA,NA,NA,NA,NA,NA,NA,NA,NA,NA,NA,NA,NA,NA,NA,NA,NA,NA,NA,NA,NA,NA,NA,NA,NA,NA,NA,NA,NA,NA,NA,NA,NA,NA,NA,NA,NA,NA,NA,NA,NA,NA,NA,NA,NA,NA,NA,NA,NA,NA,NA,NA,NA,NA,NA,NA,NA,NA,NA,NA,NA,NA,NA,NA,NA,NA,NA,NA,NA,NA,NA,NA,NA,NA,NA,NA,NA,NA,NA,NA,NA,NA,NA,NA,NA,NA,NA,NA,NA,NA,NA,NA,NA,NA,NA,NA,NA,NA,NA,NA,NA,NA,NA,NA,NA,NA,NA,NA,NA,NA,NA,NA,NA,NA,NA,NA,NA,NA,NA,NA,NA,NA,NA,NA,NA,NA,NA,NA,NA,NA,NA,NA,NA,NA,NA
05M367,Academy for Social Action,2016,9,33,0,0,NA,NA,NA,NA,NA,NA,NA,NA,NA,NA,NA,NA,NA,NA,NA,NA,NA,NA,NA,NA,NA,NA,NA,NA,NA,NA,NA,NA,NA,NA,NA,NA,NA,NA,NA,NA,NA,NA,NA,NA,NA,NA,NA,NA,NA,NA,NA,NA,NA,NA,NA,NA,NA,NA,NA,NA,NA,NA,NA,NA,NA,NA,NA,NA,NA,NA,NA,NA,NA,NA,NA,NA,NA,NA,NA,NA,NA,NA,NA,NA,NA,NA,NA,NA,NA,NA,NA,NA,NA,NA,NA,NA,NA,NA,NA,NA,NA,NA,NA,NA,NA,NA,NA,NA,NA,NA,NA,NA,NA,NA,NA,NA,NA,NA,NA,NA,NA,NA,NA,NA,NA,NA,NA,NA,NA,NA,NA,NA,NA,NA,NA,NA,NA,NA,NA,NA,NA,NA,NA,NA,NA,NA,NA,NA,NA,NA,NA,NA,NA,NA,NA,NA
05M369,Urban Assembly School for the Performing Arts,2013,9,135,4,3,NA,NA,NA,NA,NA,NA,NA,NA,NA,NA,NA,NA,NA,NA,NA,NA,NA,NA,NA,NA,NA,NA,NA,NA,NA,NA,NA,NA,NA,NA,NA,NA,NA,NA,NA,NA,NA,NA,NA,NA,NA,NA,NA,NA,NA,NA,NA,NA,NA,NA,NA,NA,NA,NA,NA,NA,NA,NA,NA,NA,NA,NA,NA,NA,NA,NA,NA,NA,NA,NA,NA,NA,NA,NA,NA,NA,NA,NA,NA,NA,NA,NA,NA,NA,NA,NA,NA,NA,NA,NA,NA,NA,NA,NA,NA,NA,NA,NA,NA,NA,NA,NA,NA,NA,NA,NA,NA,NA,NA,NA,NA,NA,NA,NA,NA,NA,NA,NA,NA,NA,NA,NA,NA,NA,NA,NA,NA,NA,NA,NA,NA,NA,NA,NA,NA,NA,NA,NA,NA,NA,NA,NA,NA,NA,NA,NA,NA,NA,NA,NA,NA,NA
05M369,Urban Assembly School for the Performing Arts,2014,9,132,2,0,NA,NA,NA,NA,NA,NA,NA,NA,NA,NA,NA,NA,NA,NA,NA,NA,NA,NA,NA,NA,NA,NA,NA,NA,NA,NA,NA,NA,NA,NA,NA,NA,NA,NA,NA,NA,NA,NA,NA,NA,NA,NA,NA,NA,NA,NA,NA,NA,NA,NA,NA,NA,NA,NA,NA,NA,NA,NA,NA,NA,NA,NA,NA,NA,NA,NA,NA,NA,NA,NA,NA,NA,NA,NA,NA,NA,NA,NA,NA,NA,NA,NA,NA,NA,NA,NA,NA,NA,NA,NA,NA,NA,NA,NA,NA,NA,NA,NA,NA,NA,NA,NA,NA,NA,NA,NA,NA,NA,NA,NA,NA,NA,NA,NA,NA,NA,NA,NA,NA,NA,NA,NA,NA,NA,NA,NA,NA,NA,NA,NA,NA,NA,NA,NA,NA,NA,NA,NA,NA,NA,NA,NA,NA,NA,NA,NA,NA,NA,NA,NA,NA,NA
05M369,Urban Assembly School for the Performing Arts,2015,9,165,0,0,NA,NA,NA,NA,NA,NA,NA,NA,NA,NA,NA,NA,NA,NA,NA,NA,NA,NA,NA,NA,NA,NA,NA,NA,NA,NA,NA,NA,NA,NA,NA,NA,NA,NA,NA,NA,NA,NA,NA,NA,NA,NA,NA,NA,NA,NA,NA,NA,NA,NA,NA,NA,NA,NA,NA,NA,NA,NA,NA,NA,NA,NA,NA,NA,NA,NA,NA,NA,NA,NA,NA,NA,NA,NA,NA,NA,NA,NA,NA,NA,NA,NA,NA,NA,NA,NA,NA,NA,NA,NA,NA,NA,NA,NA,NA,NA,NA,NA,NA,NA,NA,NA,NA,NA,NA,NA,NA,NA,NA,NA,NA,NA,NA,NA,NA,NA,NA,NA,NA,NA,NA,NA,NA,NA,NA,NA,NA,NA,NA,NA,NA,NA,NA,NA,NA,NA,NA,NA,NA,NA,NA,NA,NA,NA,NA,NA,NA,NA,NA,NA,NA,NA
05M369,Urban Assembly School for the Performing Arts,2016,9,118,0,0,NA,NA,NA,NA,NA,NA,NA,NA,NA,NA,NA,NA,NA,NA,NA,NA,NA,NA,NA,NA,NA,NA,NA,NA,NA,NA,NA,NA,NA,NA,NA,NA,NA,NA,NA,NA,NA,NA,NA,NA,NA,NA,NA,NA,NA,NA,NA,NA,NA,NA,NA,NA,NA,NA,NA,NA,NA,NA,NA,NA,NA,NA,NA,NA,NA,NA,NA,NA,NA,NA,NA,NA,NA,NA,NA,NA,NA,NA,NA,NA,NA,NA,NA,NA,NA,NA,NA,NA,NA,NA,NA,NA,NA,NA,NA,NA,NA,NA,NA,NA,NA,NA,NA,NA,NA,NA,NA,NA,NA,NA,NA,NA,NA,NA,NA,NA,NA,NA,NA,NA,NA,NA,NA,NA,NA,NA,NA,NA,NA,NA,NA,NA,NA,NA,NA,NA,NA,NA,NA,NA,NA,NA,NA,NA,NA,NA,NA,NA,NA,NA,NA,NA
05M410,The Urban Assembly Institute for New Technologies,2013,8,43,1,0,NA,NA,NA,NA,NA,NA,NA,NA,NA,NA,NA,NA,NA,NA,NA,NA,NA,NA,NA,NA,NA,NA,NA,NA,NA,NA,NA,NA,NA,NA,NA,NA,NA,NA,NA,NA,NA,NA,NA,NA,NA,NA,NA,NA,NA,NA,NA,NA,NA,NA,NA,NA,NA,NA,NA,NA,NA,NA,NA,NA,NA,NA,NA,NA,NA,NA,NA,NA,NA,NA,NA,NA,NA,NA,NA,NA,NA,NA,NA,NA,NA,NA,NA,NA,NA,NA,NA,NA,NA,NA,NA,NA,NA,NA,NA,NA,NA,NA,NA,NA,NA,NA,NA,NA,NA,NA,NA,NA,NA,NA,NA,NA,NA,NA,NA,NA,NA,NA,NA,NA,NA,NA,NA,NA,NA,NA,NA,NA,NA,NA,NA,NA,NA,NA,NA,NA,NA,NA,NA,NA,NA,NA,NA,NA,NA,NA,NA,NA,NA,NA,NA,NA
05M410,The Urban Assembly Institute for New Technologies,2014,8,26,4,3,NA,NA,NA,NA,NA,NA,NA,NA,NA,NA,NA,NA,NA,NA,NA,NA,NA,NA,NA,NA,NA,NA,NA,NA,NA,NA,NA,NA,NA,NA,NA,NA,NA,NA,NA,NA,NA,NA,NA,NA,NA,NA,NA,NA,NA,NA,NA,NA,NA,NA,NA,NA,NA,NA,NA,NA,NA,NA,NA,NA,NA,NA,NA,NA,NA,NA,NA,NA,NA,NA,NA,NA,NA,NA,NA,NA,NA,NA,NA,NA,NA,NA,NA,NA,NA,NA,NA,NA,NA,NA,NA,NA,NA,NA,NA,NA,NA,NA,NA,NA,NA,NA,NA,NA,NA,NA,NA,NA,NA,NA,NA,NA,NA,NA,NA,NA,NA,NA,NA,NA,NA,NA,NA,NA,NA,NA,NA,NA,NA,NA,NA,NA,NA,NA,NA,NA,NA,NA,NA,NA,NA,NA,NA,NA,NA,NA,NA,NA,NA,NA,NA,NA
05M410,The Urban Assembly Institute for New Technologies,2015,8,40,18,9,NA,NA,NA,NA,NA,NA,NA,NA,NA,NA,NA,NA,NA,NA,NA,NA,NA,NA,NA,NA,NA,NA,NA,NA,NA,NA,NA,NA,NA,NA,NA,NA,NA,NA,NA,NA,NA,NA,NA,NA,NA,NA,NA,NA,NA,NA,NA,NA,NA,NA,NA,NA,NA,NA,NA,NA,NA,NA,NA,NA,NA,NA,NA,NA,NA,NA,NA,NA,NA,NA,NA,NA,NA,NA,NA,NA,NA,NA,NA,NA,NA,NA,NA,NA,NA,NA,NA,NA,NA,NA,NA,NA,NA,NA,NA,NA,NA,NA,NA,NA,NA,NA,NA,NA,NA,NA,NA,NA,NA,NA,NA,NA,NA,NA,NA,NA,NA,NA,NA,NA,NA,NA,NA,NA,NA,NA,NA,NA,NA,NA,NA,NA,NA,NA,NA,NA,NA,NA,NA,NA,NA,NA,NA,NA,NA,NA,NA,NA,NA,NA,NA,NA
05M469,Choir Academy of Harlem,2013,8,37,2,2,NA,NA,NA,NA,NA,NA,NA,NA,NA,NA,NA,NA,NA,NA,NA,NA,NA,NA,NA,NA,NA,NA,NA,NA,NA,NA,NA,NA,NA,NA,NA,NA,NA,NA,NA,NA,NA,NA,NA,NA,NA,NA,NA,NA,NA,NA,NA,NA,NA,NA,NA,NA,NA,NA,NA,NA,NA,NA,NA,NA,NA,NA,NA,NA,NA,NA,NA,NA,NA,NA,NA,NA,NA,NA,NA,NA,NA,NA,NA,NA,NA,NA,NA,NA,NA,NA,NA,NA,NA,NA,NA,NA,NA,NA,NA,NA,NA,NA,NA,NA,NA,NA,NA,NA,NA,NA,NA,NA,NA,NA,NA,NA,NA,NA,NA,NA,NA,NA,NA,NA,NA,NA,NA,NA,NA,NA,NA,NA,NA,NA,NA,NA,NA,NA,NA,NA,NA,NA,NA,NA,NA,NA,NA,NA,NA,NA,NA,NA,NA,NA,NA,NA
05M469,Choir Academy of Harlem,2014,8,27,1,0,NA,NA,NA,NA,NA,NA,NA,NA,NA,NA,NA,NA,NA,NA,NA,NA,NA,NA,NA,NA,NA,NA,NA,NA,NA,NA,NA,NA,NA,NA,NA,NA,NA,NA,NA,NA,NA,NA,NA,NA,NA,NA,NA,NA,NA,NA,NA,NA,NA,NA,NA,NA,NA,NA,NA,NA,NA,NA,NA,NA,NA,NA,NA,NA,NA,NA,NA,NA,NA,NA,NA,NA,NA,NA,NA,NA,NA,NA,NA,NA,NA,NA,NA,NA,NA,NA,NA,NA,NA,NA,NA,NA,NA,NA,NA,NA,NA,NA,NA,NA,NA,NA,NA,NA,NA,NA,NA,NA,NA,NA,NA,NA,NA,NA,NA,NA,NA,NA,NA,NA,NA,NA,NA,NA,NA,NA,NA,NA,NA,NA,NA,NA,NA,NA,NA,NA,NA,NA,NA,NA,NA,NA,NA,NA,NA,NA,NA,NA,NA,NA,NA,NA
05M499,Frederick Douglass Academy,2013,8,113,48,15,FREDERICK DOUGLASS ACADEMY,5,40.82440:-73.93654,NEW YORK,10039,6,12,0.708,NA,0.03,0.01,0.71,0.23,0.94,0.02,0.93,0.22,0.89,Meeting Target,0.86,Meeting Target,0.79,Meeting Target,0.75,Approaching Target,0.78,Meeting Target,0.85,Approaching Target,Approaching Target,2.41,2.24,0,0,0,0,0,0,0,0,0,0,0,0,0,0,0,0,0,0,0,0,0,0,0,0,0,0,0,0,0,0,0,0,0,0,0,0,0,0,0,0,0,0,0,0,0,0,0,0,0,0,0,0,0,0,0,0,0,0,0,0,89,0,0,0,0,0,0,0,0,0,87,2,0,0,0,0,0,0,0,2,73,4,0,3,0,0,0,0,0,4,73,0,0,0,0,0,0,0,0,0,98,3,0,3,0,0,0,0,0,1,98,3,0,2,0,0,0,0,0,3
05M499,Frederick Douglass Academy,2014,8,108,26,17,FREDERICK DOUGLASS ACADEMY,5,40.82440:-73.93654,NEW YORK,10039,6,12,0.708,NA,0.03,0.01,0.71,0.23,0.94,0.02,0.93,0.22,0.89,Meeting Target,0.86,Meeting Target,0.79,Meeting Target,0.75,Approaching Target,0.78,Meeting Target,0.85,Approaching Target,Approaching Target,2.41,2.24,0,0,0,0,0,0,0,0,0,0,0,0,0,0,0,0,0,0,0,0,0,0,0,0,0,0,0,0,0,0,0,0,0,0,0,0,0,0,0,0,0,0,0,0,0,0,0,0,0,0,0,0,0,0,0,0,0,0,0,0,89,0,0,0,0,0,0,0,0,0,87,2,0,0,0,0,0,0,0,2,73,4,0,3,0,0,0,0,0,4,73,0,0,0,0,0,0,0,0,0,98,3,0,3,0,0,0,0,0,1,98,3,0,2,0,0,0,0,0,3
05M499,Frederick Douglass Academy,2015,8,103,17,11,FREDERICK DOUGLASS ACADEMY,5,40.82440:-73.93654,NEW YORK,10039,6,12,0.708,NA,0.03,0.01,0.71,0.23,0.94,0.02,0.93,0.22,0.89,Meeting Target,0.86,Meeting Target,0.79,Meeting Target,0.75,Approaching Target,0.78,Meeting Target,0.85,Approaching Target,Approaching Target,2.41,2.24,0,0,0,0,0,0,0,0,0,0,0,0,0,0,0,0,0,0,0,0,0,0,0,0,0,0,0,0,0,0,0,0,0,0,0,0,0,0,0,0,0,0,0,0,0,0,0,0,0,0,0,0,0,0,0,0,0,0,0,0,89,0,0,0,0,0,0,0,0,0,87,2,0,0,0,0,0,0,0,2,73,4,0,3,0,0,0,0,0,4,73,0,0,0,0,0,0,0,0,0,98,3,0,3,0,0,0,0,0,1,98,3,0,2,0,0,0,0,0,3
05M499,Frederick Douglass Academy,2016,8,83,10,8,FREDERICK DOUGLASS ACADEMY,5,40.82440:-73.93654,NEW YORK,10039,6,12,0.708,NA,0.03,0.01,0.71,0.23,0.94,0.02,0.93,0.22,0.89,Meeting Target,0.86,Meeting Target,0.79,Meeting Target,0.75,Approaching Target,0.78,Meeting Target,0.85,Approaching Target,Approaching Target,2.41,2.24,0,0,0,0,0,0,0,0,0,0,0,0,0,0,0,0,0,0,0,0,0,0,0,0,0,0,0,0,0,0,0,0,0,0,0,0,0,0,0,0,0,0,0,0,0,0,0,0,0,0,0,0,0,0,0,0,0,0,0,0,89,0,0,0,0,0,0,0,0,0,87,2,0,0,0,0,0,0,0,2,73,4,0,3,0,0,0,0,0,4,73,0,0,0,0,0,0,0,0,0,98,3,0,3,0,0,0,0,0,1,98,3,0,2,0,0,0,0,0,3
05M499,Frederick Douglass Academy,2013,9,344,10,4,FREDERICK DOUGLASS ACADEMY,5,40.82440:-73.93654,NEW YORK,10039,6,12,0.708,NA,0.03,0.01,0.71,0.23,0.94,0.02,0.93,0.22,0.89,Meeting Target,0.86,Meeting Target,0.79,Meeting Target,0.75,Approaching Target,0.78,Meeting Target,0.85,Approaching Target,Approaching Target,2.41,2.24,0,0,0,0,0,0,0,0,0,0,0,0,0,0,0,0,0,0,0,0,0,0,0,0,0,0,0,0,0,0,0,0,0,0,0,0,0,0,0,0,0,0,0,0,0,0,0,0,0,0,0,0,0,0,0,0,0,0,0,0,89,0,0,0,0,0,0,0,0,0,87,2,0,0,0,0,0,0,0,2,73,4,0,3,0,0,0,0,0,4,73,0,0,0,0,0,0,0,0,0,98,3,0,3,0,0,0,0,0,1,98,3,0,2,0,0,0,0,0,3
05M499,Frederick Douglass Academy,2014,9,293,3,2,FREDERICK DOUGLASS ACADEMY,5,40.82440:-73.93654,NEW YORK,10039,6,12,0.708,NA,0.03,0.01,0.71,0.23,0.94,0.02,0.93,0.22,0.89,Meeting Target,0.86,Meeting Target,0.79,Meeting Target,0.75,Approaching Target,0.78,Meeting Target,0.85,Approaching Target,Approaching Target,2.41,2.24,0,0,0,0,0,0,0,0,0,0,0,0,0,0,0,0,0,0,0,0,0,0,0,0,0,0,0,0,0,0,0,0,0,0,0,0,0,0,0,0,0,0,0,0,0,0,0,0,0,0,0,0,0,0,0,0,0,0,0,0,89,0,0,0,0,0,0,0,0,0,87,2,0,0,0,0,0,0,0,2,73,4,0,3,0,0,0,0,0,4,73,0,0,0,0,0,0,0,0,0,98,3,0,3,0,0,0,0,0,1,98,3,0,2,0,0,0,0,0,3
05M499,Frederick Douglass Academy,2015,9,273,6,6,FREDERICK DOUGLASS ACADEMY,5,40.82440:-73.93654,NEW YORK,10039,6,12,0.708,NA,0.03,0.01,0.71,0.23,0.94,0.02,0.93,0.22,0.89,Meeting Target,0.86,Meeting Target,0.79,Meeting Target,0.75,Approaching Target,0.78,Meeting Target,0.85,Approaching Target,Approaching Target,2.41,2.24,0,0,0,0,0,0,0,0,0,0,0,0,0,0,0,0,0,0,0,0,0,0,0,0,0,0,0,0,0,0,0,0,0,0,0,0,0,0,0,0,0,0,0,0,0,0,0,0,0,0,0,0,0,0,0,0,0,0,0,0,89,0,0,0,0,0,0,0,0,0,87,2,0,0,0,0,0,0,0,2,73,4,0,3,0,0,0,0,0,4,73,0,0,0,0,0,0,0,0,0,98,3,0,3,0,0,0,0,0,1,98,3,0,2,0,0,0,0,0,3
05M499,Frederick Douglass Academy,2016,9,323,2,2,FREDERICK DOUGLASS ACADEMY,5,40.82440:-73.93654,NEW YORK,10039,6,12,0.708,NA,0.03,0.01,0.71,0.23,0.94,0.02,0.93,0.22,0.89,Meeting Target,0.86,Meeting Target,0.79,Meeting Target,0.75,Approaching Target,0.78,Meeting Target,0.85,Approaching Target,Approaching Target,2.41,2.24,0,0,0,0,0,0,0,0,0,0,0,0,0,0,0,0,0,0,0,0,0,0,0,0,0,0,0,0,0,0,0,0,0,0,0,0,0,0,0,0,0,0,0,0,0,0,0,0,0,0,0,0,0,0,0,0,0,0,0,0,89,0,0,0,0,0,0,0,0,0,87,2,0,0,0,0,0,0,0,2,73,4,0,3,0,0,0,0,0,4,73,0,0,0,0,0,0,0,0,0,98,3,0,3,0,0,0,0,0,1,98,3,0,2,0,0,0,0,0,3
05M514,New Design Middle School,2013,8,111,32,23,NEW DESIGN MIDDLE SCHOOL,5,40.81976:-73.95724,NEW YORK,10031,6,8,0.881,NA,0.11,0.01,0.52,0.43,0.95,0.03,0.91,0.27,0.83,Approaching Target,0.79,Approaching Target,0.81,Meeting Target,0.75,Approaching Target,0.78,Approaching Target,0.87,Meeting Target,Approaching Target,2.08,1.94,0,0,0,0,0,0,0,0,0,0,0,0,0,0,0,0,0,0,0,0,0,0,0,0,0,0,0,0,0,0,0,0,0,0,0,0,0,0,0,0,0,0,0,0,0,0,0,0,0,0,0,0,0,0,0,0,0,0,0,0,48,4,0,0,1,0,0,0,0,0,49,2,0,0,1,0,0,0,0,0,59,0,0,0,0,0,0,0,0,0,59,0,0,0,0,0,0,0,0,0,92,1,0,1,0,0,0,0,0,0,89,0,0,0,0,0,0,0,0,0
05M514,New Design Middle School,2014,8,116,38,15,NEW DESIGN MIDDLE SCHOOL,5,40.81976:-73.95724,NEW YORK,10031,6,8,0.881,NA,0.11,0.01,0.52,0.43,0.95,0.03,0.91,0.27,0.83,Approaching Target,0.79,Approaching Target,0.81,Meeting Target,0.75,Approaching Target,0.78,Approaching Target,0.87,Meeting Target,Approaching Target,2.08,1.94,0,0,0,0,0,0,0,0,0,0,0,0,0,0,0,0,0,0,0,0,0,0,0,0,0,0,0,0,0,0,0,0,0,0,0,0,0,0,0,0,0,0,0,0,0,0,0,0,0,0,0,0,0,0,0,0,0,0,0,0,48,4,0,0,1,0,0,0,0,0,49,2,0,0,1,0,0,0,0,0,59,0,0,0,0,0,0,0,0,0,59,0,0,0,0,0,0,0,0,0,92,1,0,1,0,0,0,0,0,0,89,0,0,0,0,0,0,0,0,0
05M514,New Design Middle School,2015,8,98,15,11,NEW DESIGN MIDDLE SCHOOL,5,40.81976:-73.95724,NEW YORK,10031,6,8,0.881,NA,0.11,0.01,0.52,0.43,0.95,0.03,0.91,0.27,0.83,Approaching Target,0.79,Approaching Target,0.81,Meeting Target,0.75,Approaching Target,0.78,Approaching Target,0.87,Meeting Target,Approaching Target,2.08,1.94,0,0,0,0,0,0,0,0,0,0,0,0,0,0,0,0,0,0,0,0,0,0,0,0,0,0,0,0,0,0,0,0,0,0,0,0,0,0,0,0,0,0,0,0,0,0,0,0,0,0,0,0,0,0,0,0,0,0,0,0,48,4,0,0,1,0,0,0,0,0,49,2,0,0,1,0,0,0,0,0,59,0,0,0,0,0,0,0,0,0,59,0,0,0,0,0,0,0,0,0,92,1,0,1,0,0,0,0,0,0,89,0,0,0,0,0,0,0,0,0
05M514,New Design Middle School,2016,8,66,12,6,NEW DESIGN MIDDLE SCHOOL,5,40.81976:-73.95724,NEW YORK,10031,6,8,0.881,NA,0.11,0.01,0.52,0.43,0.95,0.03,0.91,0.27,0.83,Approaching Target,0.79,Approaching Target,0.81,Meeting Target,0.75,Approaching Target,0.78,Approaching Target,0.87,Meeting Target,Approaching Target,2.08,1.94,0,0,0,0,0,0,0,0,0,0,0,0,0,0,0,0,0,0,0,0,0,0,0,0,0,0,0,0,0,0,0,0,0,0,0,0,0,0,0,0,0,0,0,0,0,0,0,0,0,0,0,0,0,0,0,0,0,0,0,0,48,4,0,0,1,0,0,0,0,0,49,2,0,0,1,0,0,0,0,0,59,0,0,0,0,0,0,0,0,0,59,0,0,0,0,0,0,0,0,0,92,1,0,1,0,0,0,0,0,0,89,0,0,0,0,0,0,0,0,0
05M670,Thurgood Marshall Academy for Learning and Social Change,2013,8,61,14,7,THURGOOD MARSHALL ACADEMY FOR LEARNING AND SOCIAL CHANGE,5,40.81530:-73.94430,NEW YORK,10030,7,12,0.732,NA,0.03,0.01,0.74,0.23,0.97,0,0.96,0.05,0.79,Approaching Target,0.9,Meeting Target,0.79,Meeting Target,0.82,Meeting Target,0.74,Approaching Target,0.91,Meeting Target,Approaching Target,2.47,2.27,0,0,0,0,0,0,0,0,0,0,0,0,0,0,0,0,0,0,0,0,0,0,0,0,0,0,0,0,0,0,0,0,0,0,0,0,0,0,0,0,0,0,0,0,0,0,0,0,0,0,0,0,0,0,0,0,0,0,0,0,53,1,0,0,1,0,0,0,0,1,55,1,0,1,0,0,0,0,0,1,48,2,0,0,0,0,0,0,0,2,48,0,0,0,0,0,0,0,0,0,56,3,0,2,0,0,0,0,0,3,56,0,0,0,0,0,0,0,0,0
05M670,Thurgood Marshall Academy for Learning and Social Change,2014,8,58,26,11,THURGOOD MARSHALL ACADEMY FOR LEARNING AND SOCIAL CHANGE,5,40.81530:-73.94430,NEW YORK,10030,7,12,0.732,NA,0.03,0.01,0.74,0.23,0.97,0,0.96,0.05,0.79,Approaching Target,0.9,Meeting Target,0.79,Meeting Target,0.82,Meeting Target,0.74,Approaching Target,0.91,Meeting Target,Approaching Target,2.47,2.27,0,0,0,0,0,0,0,0,0,0,0,0,0,0,0,0,0,0,0,0,0,0,0,0,0,0,0,0,0,0,0,0,0,0,0,0,0,0,0,0,0,0,0,0,0,0,0,0,0,0,0,0,0,0,0,0,0,0,0,0,53,1,0,0,1,0,0,0,0,1,55,1,0,1,0,0,0,0,0,1,48,2,0,0,0,0,0,0,0,2,48,0,0,0,0,0,0,0,0,0,56,3,0,2,0,0,0,0,0,3,56,0,0,0,0,0,0,0,0,0
05M670,Thurgood Marshall Academy for Learning and Social Change,2015,8,58,19,10,THURGOOD MARSHALL ACADEMY FOR LEARNING AND SOCIAL CHANGE,5,40.81530:-73.94430,NEW YORK,10030,7,12,0.732,NA,0.03,0.01,0.74,0.23,0.97,0,0.96,0.05,0.79,Approaching Target,0.9,Meeting Target,0.79,Meeting Target,0.82,Meeting Target,0.74,Approaching Target,0.91,Meeting Target,Approaching Target,2.47,2.27,0,0,0,0,0,0,0,0,0,0,0,0,0,0,0,0,0,0,0,0,0,0,0,0,0,0,0,0,0,0,0,0,0,0,0,0,0,0,0,0,0,0,0,0,0,0,0,0,0,0,0,0,0,0,0,0,0,0,0,0,53,1,0,0,1,0,0,0,0,1,55,1,0,1,0,0,0,0,0,1,48,2,0,0,0,0,0,0,0,2,48,0,0,0,0,0,0,0,0,0,56,3,0,2,0,0,0,0,0,3,56,0,0,0,0,0,0,0,0,0
05M670,Thurgood Marshall Academy for Learning and Social Change,2016,8,57,17,13,THURGOOD MARSHALL ACADEMY FOR LEARNING AND SOCIAL CHANGE,5,40.81530:-73.94430,NEW YORK,10030,7,12,0.732,NA,0.03,0.01,0.74,0.23,0.97,0,0.96,0.05,0.79,Approaching Target,0.9,Meeting Target,0.79,Meeting Target,0.82,Meeting Target,0.74,Approaching Target,0.91,Meeting Target,Approaching Target,2.47,2.27,0,0,0,0,0,0,0,0,0,0,0,0,0,0,0,0,0,0,0,0,0,0,0,0,0,0,0,0,0,0,0,0,0,0,0,0,0,0,0,0,0,0,0,0,0,0,0,0,0,0,0,0,0,0,0,0,0,0,0,0,53,1,0,0,1,0,0,0,0,1,55,1,0,1,0,0,0,0,0,1,48,2,0,0,0,0,0,0,0,2,48,0,0,0,0,0,0,0,0,0,56,3,0,2,0,0,0,0,0,3,56,0,0,0,0,0,0,0,0,0
05M670,Thurgood Marshall Academy for Learning and Social Change,2013,9,138,0,0,THURGOOD MARSHALL ACADEMY FOR LEARNING AND SOCIAL CHANGE,5,40.81530:-73.94430,NEW YORK,10030,7,12,0.732,NA,0.03,0.01,0.74,0.23,0.97,0,0.96,0.05,0.79,Approaching Target,0.9,Meeting Target,0.79,Meeting Target,0.82,Meeting Target,0.74,Approaching Target,0.91,Meeting Target,Approaching Target,2.47,2.27,0,0,0,0,0,0,0,0,0,0,0,0,0,0,0,0,0,0,0,0,0,0,0,0,0,0,0,0,0,0,0,0,0,0,0,0,0,0,0,0,0,0,0,0,0,0,0,0,0,0,0,0,0,0,0,0,0,0,0,0,53,1,0,0,1,0,0,0,0,1,55,1,0,1,0,0,0,0,0,1,48,2,0,0,0,0,0,0,0,2,48,0,0,0,0,0,0,0,0,0,56,3,0,2,0,0,0,0,0,3,56,0,0,0,0,0,0,0,0,0
05M670,Thurgood Marshall Academy for Learning and Social Change,2014,9,114,4,1,THURGOOD MARSHALL ACADEMY FOR LEARNING AND SOCIAL CHANGE,5,40.81530:-73.94430,NEW YORK,10030,7,12,0.732,NA,0.03,0.01,0.74,0.23,0.97,0,0.96,0.05,0.79,Approaching Target,0.9,Meeting Target,0.79,Meeting Target,0.82,Meeting Target,0.74,Approaching Target,0.91,Meeting Target,Approaching Target,2.47,2.27,0,0,0,0,0,0,0,0,0,0,0,0,0,0,0,0,0,0,0,0,0,0,0,0,0,0,0,0,0,0,0,0,0,0,0,0,0,0,0,0,0,0,0,0,0,0,0,0,0,0,0,0,0,0,0,0,0,0,0,0,53,1,0,0,1,0,0,0,0,1,55,1,0,1,0,0,0,0,0,1,48,2,0,0,0,0,0,0,0,2,48,0,0,0,0,0,0,0,0,0,56,3,0,2,0,0,0,0,0,3,56,0,0,0,0,0,0,0,0,0
05M670,Thurgood Marshall Academy for Learning and Social Change,2015,9,98,0,0,THURGOOD MARSHALL ACADEMY FOR LEARNING AND SOCIAL CHANGE,5,40.81530:-73.94430,NEW YORK,10030,7,12,0.732,NA,0.03,0.01,0.74,0.23,0.97,0,0.96,0.05,0.79,Approaching Target,0.9,Meeting Target,0.79,Meeting Target,0.82,Meeting Target,0.74,Approaching Target,0.91,Meeting Target,Approaching Target,2.47,2.27,0,0,0,0,0,0,0,0,0,0,0,0,0,0,0,0,0,0,0,0,0,0,0,0,0,0,0,0,0,0,0,0,0,0,0,0,0,0,0,0,0,0,0,0,0,0,0,0,0,0,0,0,0,0,0,0,0,0,0,0,53,1,0,0,1,0,0,0,0,1,55,1,0,1,0,0,0,0,0,1,48,2,0,0,0,0,0,0,0,2,48,0,0,0,0,0,0,0,0,0,56,3,0,2,0,0,0,0,0,3,56,0,0,0,0,0,0,0,0,0
05M670,Thurgood Marshall Academy for Learning and Social Change,2016,9,113,2,1,THURGOOD MARSHALL ACADEMY FOR LEARNING AND SOCIAL CHANGE,5,40.81530:-73.94430,NEW YORK,10030,7,12,0.732,NA,0.03,0.01,0.74,0.23,0.97,0,0.96,0.05,0.79,Approaching Target,0.9,Meeting Target,0.79,Meeting Target,0.82,Meeting Target,0.74,Approaching Target,0.91,Meeting Target,Approaching Target,2.47,2.27,0,0,0,0,0,0,0,0,0,0,0,0,0,0,0,0,0,0,0,0,0,0,0,0,0,0,0,0,0,0,0,0,0,0,0,0,0,0,0,0,0,0,0,0,0,0,0,0,0,0,0,0,0,0,0,0,0,0,0,0,53,1,0,0,1,0,0,0,0,1,55,1,0,1,0,0,0,0,0,1,48,2,0,0,0,0,0,0,0,2,48,0,0,0,0,0,0,0,0,0,56,3,0,2,0,0,0,0,0,3,56,0,0,0,0,0,0,0,0,0
05M692,"High School for Mathematics, Science and Engineering at City College",2013,9,123,15,12,NA,NA,NA,NA,NA,NA,NA,NA,NA,NA,NA,NA,NA,NA,NA,NA,NA,NA,NA,NA,NA,NA,NA,NA,NA,NA,NA,NA,NA,NA,NA,NA,NA,NA,NA,NA,NA,NA,NA,NA,NA,NA,NA,NA,NA,NA,NA,NA,NA,NA,NA,NA,NA,NA,NA,NA,NA,NA,NA,NA,NA,NA,NA,NA,NA,NA,NA,NA,NA,NA,NA,NA,NA,NA,NA,NA,NA,NA,NA,NA,NA,NA,NA,NA,NA,NA,NA,NA,NA,NA,NA,NA,NA,NA,NA,NA,NA,NA,NA,NA,NA,NA,NA,NA,NA,NA,NA,NA,NA,NA,NA,NA,NA,NA,NA,NA,NA,NA,NA,NA,NA,NA,NA,NA,NA,NA,NA,NA,NA,NA,NA,NA,NA,NA,NA,NA,NA,NA,NA,NA,NA,NA,NA,NA,NA,NA,NA,NA,NA,NA,NA,NA
05M692,"High School for Mathematics, Science and Engineering at City College",2014,9,118,18,12,NA,NA,NA,NA,NA,NA,NA,NA,NA,NA,NA,NA,NA,NA,NA,NA,NA,NA,NA,NA,NA,NA,NA,NA,NA,NA,NA,NA,NA,NA,NA,NA,NA,NA,NA,NA,NA,NA,NA,NA,NA,NA,NA,NA,NA,NA,NA,NA,NA,NA,NA,NA,NA,NA,NA,NA,NA,NA,NA,NA,NA,NA,NA,NA,NA,NA,NA,NA,NA,NA,NA,NA,NA,NA,NA,NA,NA,NA,NA,NA,NA,NA,NA,NA,NA,NA,NA,NA,NA,NA,NA,NA,NA,NA,NA,NA,NA,NA,NA,NA,NA,NA,NA,NA,NA,NA,NA,NA,NA,NA,NA,NA,NA,NA,NA,NA,NA,NA,NA,NA,NA,NA,NA,NA,NA,NA,NA,NA,NA,NA,NA,NA,NA,NA,NA,NA,NA,NA,NA,NA,NA,NA,NA,NA,NA,NA,NA,NA,NA,NA,NA,NA
05M692,"High School for Mathematics, Science and Engineering at City College",2015,9,115,4,2,NA,NA,NA,NA,NA,NA,NA,NA,NA,NA,NA,NA,NA,NA,NA,NA,NA,NA,NA,NA,NA,NA,NA,NA,NA,NA,NA,NA,NA,NA,NA,NA,NA,NA,NA,NA,NA,NA,NA,NA,NA,NA,NA,NA,NA,NA,NA,NA,NA,NA,NA,NA,NA,NA,NA,NA,NA,NA,NA,NA,NA,NA,NA,NA,NA,NA,NA,NA,NA,NA,NA,NA,NA,NA,NA,NA,NA,NA,NA,NA,NA,NA,NA,NA,NA,NA,NA,NA,NA,NA,NA,NA,NA,NA,NA,NA,NA,NA,NA,NA,NA,NA,NA,NA,NA,NA,NA,NA,NA,NA,NA,NA,NA,NA,NA,NA,NA,NA,NA,NA,NA,NA,NA,NA,NA,NA,NA,NA,NA,NA,NA,NA,NA,NA,NA,NA,NA,NA,NA,NA,NA,NA,NA,NA,NA,NA,NA,NA,NA,NA,NA,NA
05M692,"High School for Mathematics, Science and Engineering at City College",2016,9,133,10,9,NA,NA,NA,NA,NA,NA,NA,NA,NA,NA,NA,NA,NA,NA,NA,NA,NA,NA,NA,NA,NA,NA,NA,NA,NA,NA,NA,NA,NA,NA,NA,NA,NA,NA,NA,NA,NA,NA,NA,NA,NA,NA,NA,NA,NA,NA,NA,NA,NA,NA,NA,NA,NA,NA,NA,NA,NA,NA,NA,NA,NA,NA,NA,NA,NA,NA,NA,NA,NA,NA,NA,NA,NA,NA,NA,NA,NA,NA,NA,NA,NA,NA,NA,NA,NA,NA,NA,NA,NA,NA,NA,NA,NA,NA,NA,NA,NA,NA,NA,NA,NA,NA,NA,NA,NA,NA,NA,NA,NA,NA,NA,NA,NA,NA,NA,NA,NA,NA,NA,NA,NA,NA,NA,NA,NA,NA,NA,NA,NA,NA,NA,NA,NA,NA,NA,NA,NA,NA,NA,NA,NA,NA,NA,NA,NA,NA,NA,NA,NA,NA,NA,NA
84M065,Democracy Prep Endurance Charter School,2014,8,115,118,26,DEMOCRACY PREP ENDURANCE CHARTER SCHOOL,5,40.81056:-73.94886,NEW YORK,10027,6,8,0.755,NA,0.06,0,0.66,0.31,0.98,0.01,0.94,0.19,0.97,Exceeding Target,0.99,Exceeding Target,0.88,Exceeding Target,0.97,Exceeding Target,0.83,Meeting Target,0.95,Exceeding Target,Exceeding Target,2.6,2.82,0,0,0,0,0,0,0,0,0,0,0,0,0,0,0,0,0,0,0,0,0,0,0,0,0,0,0,0,0,0,0,0,0,0,0,0,0,0,0,0,0,0,0,0,0,0,0,0,0,0,0,0,0,0,0,0,0,0,0,0,104,8,0,5,2,0,0,0,0,8,105,20,0,13,5,0,0,0,1,17,97,5,0,3,2,0,0,0,0,5,97,9,0,5,4,0,0,0,0,6,108,16,0,10,4,0,0,0,0,13,85,3,0,0,3,0,0,0,0,2
84M065,Democracy Prep Endurance Charter School,2015,8,110,43,39,DEMOCRACY PREP ENDURANCE CHARTER SCHOOL,5,40.81056:-73.94886,NEW YORK,10027,6,8,0.755,NA,0.06,0,0.66,0.31,0.98,0.01,0.94,0.19,0.97,Exceeding Target,0.99,Exceeding Target,0.88,Exceeding Target,0.97,Exceeding Target,0.83,Meeting Target,0.95,Exceeding Target,Exceeding Target,2.6,2.82,0,0,0,0,0,0,0,0,0,0,0,0,0,0,0,0,0,0,0,0,0,0,0,0,0,0,0,0,0,0,0,0,0,0,0,0,0,0,0,0,0,0,0,0,0,0,0,0,0,0,0,0,0,0,0,0,0,0,0,0,104,8,0,5,2,0,0,0,0,8,105,20,0,13,5,0,0,0,1,17,97,5,0,3,2,0,0,0,0,5,97,9,0,5,4,0,0,0,0,6,108,16,0,10,4,0,0,0,0,13,85,3,0,0,3,0,0,0,0,2
84M065,Democracy Prep Endurance Charter School,2016,8,105,31,27,DEMOCRACY PREP ENDURANCE CHARTER SCHOOL,5,40.81056:-73.94886,NEW YORK,10027,6,8,0.755,NA,0.06,0,0.66,0.31,0.98,0.01,0.94,0.19,0.97,Exceeding Target,0.99,Exceeding Target,0.88,Exceeding Target,0.97,Exceeding Target,0.83,Meeting Target,0.95,Exceeding Target,Exceeding Target,2.6,2.82,0,0,0,0,0,0,0,0,0,0,0,0,0,0,0,0,0,0,0,0,0,0,0,0,0,0,0,0,0,0,0,0,0,0,0,0,0,0,0,0,0,0,0,0,0,0,0,0,0,0,0,0,0,0,0,0,0,0,0,0,104,8,0,5,2,0,0,0,0,8,105,20,0,13,5,0,0,0,1,17,97,5,0,3,2,0,0,0,0,5,97,9,0,5,4,0,0,0,0,6,108,16,0,10,4,0,0,0,0,13,85,3,0,0,3,0,0,0,0,2
84M065,Democracy Prep Endurance Charter School,2015,9,111,1,1,DEMOCRACY PREP ENDURANCE CHARTER SCHOOL,5,40.81056:-73.94886,NEW YORK,10027,6,8,0.755,NA,0.06,0,0.66,0.31,0.98,0.01,0.94,0.19,0.97,Exceeding Target,0.99,Exceeding Target,0.88,Exceeding Target,0.97,Exceeding Target,0.83,Meeting Target,0.95,Exceeding Target,Exceeding Target,2.6,2.82,0,0,0,0,0,0,0,0,0,0,0,0,0,0,0,0,0,0,0,0,0,0,0,0,0,0,0,0,0,0,0,0,0,0,0,0,0,0,0,0,0,0,0,0,0,0,0,0,0,0,0,0,0,0,0,0,0,0,0,0,104,8,0,5,2,0,0,0,0,8,105,20,0,13,5,0,0,0,1,17,97,5,0,3,2,0,0,0,0,5,97,9,0,5,4,0,0,0,0,6,108,16,0,10,4,0,0,0,0,13,85,3,0,0,3,0,0,0,0,2
84M065,Democracy Prep Endurance Charter School,2016,9,126,1,1,DEMOCRACY PREP ENDURANCE CHARTER SCHOOL,5,40.81056:-73.94886,NEW YORK,10027,6,8,0.755,NA,0.06,0,0.66,0.31,0.98,0.01,0.94,0.19,0.97,Exceeding Target,0.99,Exceeding Target,0.88,Exceeding Target,0.97,Exceeding Target,0.83,Meeting Target,0.95,Exceeding Target,Exceeding Target,2.6,2.82,0,0,0,0,0,0,0,0,0,0,0,0,0,0,0,0,0,0,0,0,0,0,0,0,0,0,0,0,0,0,0,0,0,0,0,0,0,0,0,0,0,0,0,0,0,0,0,0,0,0,0,0,0,0,0,0,0,0,0,0,104,8,0,5,2,0,0,0,0,8,105,20,0,13,5,0,0,0,1,17,97,5,0,3,2,0,0,0,0,5,97,9,0,5,4,0,0,0,0,6,108,16,0,10,4,0,0,0,0,13,85,3,0,0,3,0,0,0,0,2
84M284,Harlem Children's Zone Promise Academy 1 Charter School,2013,8,91,14,6,HARLEM CHILDREN'S ZONE PROMISE ACADEMY 1 CHARTER SCHOOL,5,40.81259:-73.94816,NEW YORK,10027,0K,12,0.768,33937.49,0.02,0,0.85,0.12,0.97,0,0.95,0.13,0.85,Approaching Target,0.8,Approaching Target,0.87,Exceeding Target,0.78,Approaching Target,0.82,Approaching Target,0.89,Meeting Target,Meeting Target,2.51,2.91,97,6,0,6,0,0,0,0,0,4,97,45,0,35,8,0,0,0,0,36,99,15,0,11,4,0,0,0,0,14,98,47,0,35,7,0,0,4,0,40,97,3,0,3,0,0,0,0,0,3,95,13,0,12,1,0,0,0,0,10,91,7,0,5,0,0,0,0,0,4,91,14,0,11,0,0,0,0,0,10,89,2,0,2,0,0,0,0,0,2,88,8,0,8,0,0,0,0,0,8,75,4,0,4,0,0,0,0,0,3,75,9,0,8,0,0,0,0,0,5
84M284,Harlem Children's Zone Promise Academy 1 Charter School,2014,8,64,8,5,HARLEM CHILDREN'S ZONE PROMISE ACADEMY 1 CHARTER SCHOOL,5,40.81259:-73.94816,NEW YORK,10027,0K,12,0.768,33937.49,0.02,0,0.85,0.12,0.97,0,0.95,0.13,0.85,Approaching Target,0.8,Approaching Target,0.87,Exceeding Target,0.78,Approaching Target,0.82,Approaching Target,0.89,Meeting Target,Meeting Target,2.51,2.91,97,6,0,6,0,0,0,0,0,4,97,45,0,35,8,0,0,0,0,36,99,15,0,11,4,0,0,0,0,14,98,47,0,35,7,0,0,4,0,40,97,3,0,3,0,0,0,0,0,3,95,13,0,12,1,0,0,0,0,10,91,7,0,5,0,0,0,0,0,4,91,14,0,11,0,0,0,0,0,10,89,2,0,2,0,0,0,0,0,2,88,8,0,8,0,0,0,0,0,8,75,4,0,4,0,0,0,0,0,3,75,9,0,8,0,0,0,0,0,5
84M284,Harlem Children's Zone Promise Academy 1 Charter School,2015,8,77,5,5,HARLEM CHILDREN'S ZONE PROMISE ACADEMY 1 CHARTER SCHOOL,5,40.81259:-73.94816,NEW YORK,10027,0K,12,0.768,33937.49,0.02,0,0.85,0.12,0.97,0,0.95,0.13,0.85,Approaching Target,0.8,Approaching Target,0.87,Exceeding Target,0.78,Approaching Target,0.82,Approaching Target,0.89,Meeting Target,Meeting Target,2.51,2.91,97,6,0,6,0,0,0,0,0,4,97,45,0,35,8,0,0,0,0,36,99,15,0,11,4,0,0,0,0,14,98,47,0,35,7,0,0,4,0,40,97,3,0,3,0,0,0,0,0,3,95,13,0,12,1,0,0,0,0,10,91,7,0,5,0,0,0,0,0,4,91,14,0,11,0,0,0,0,0,10,89,2,0,2,0,0,0,0,0,2,88,8,0,8,0,0,0,0,0,8,75,4,0,4,0,0,0,0,0,3,75,9,0,8,0,0,0,0,0,5
84M284,Harlem Children's Zone Promise Academy 1 Charter School,2016,8,83,7,6,HARLEM CHILDREN'S ZONE PROMISE ACADEMY 1 CHARTER SCHOOL,5,40.81259:-73.94816,NEW YORK,10027,0K,12,0.768,33937.49,0.02,0,0.85,0.12,0.97,0,0.95,0.13,0.85,Approaching Target,0.8,Approaching Target,0.87,Exceeding Target,0.78,Approaching Target,0.82,Approaching Target,0.89,Meeting Target,Meeting Target,2.51,2.91,97,6,0,6,0,0,0,0,0,4,97,45,0,35,8,0,0,0,0,36,99,15,0,11,4,0,0,0,0,14,98,47,0,35,7,0,0,4,0,40,97,3,0,3,0,0,0,0,0,3,95,13,0,12,1,0,0,0,0,10,91,7,0,5,0,0,0,0,0,4,91,14,0,11,0,0,0,0,0,10,89,2,0,2,0,0,0,0,0,2,88,8,0,8,0,0,0,0,0,8,75,4,0,4,0,0,0,0,0,3,75,9,0,8,0,0,0,0,0,5
84M284,Harlem Children's Zone Promise Academy 1 Charter School,2014,9,99,1,0,HARLEM CHILDREN'S ZONE PROMISE ACADEMY 1 CHARTER SCHOOL,5,40.81259:-73.94816,NEW YORK,10027,0K,12,0.768,33937.49,0.02,0,0.85,0.12,0.97,0,0.95,0.13,0.85,Approaching Target,0.8,Approaching Target,0.87,Exceeding Target,0.78,Approaching Target,0.82,Approaching Target,0.89,Meeting Target,Meeting Target,2.51,2.91,97,6,0,6,0,0,0,0,0,4,97,45,0,35,8,0,0,0,0,36,99,15,0,11,4,0,0,0,0,14,98,47,0,35,7,0,0,4,0,40,97,3,0,3,0,0,0,0,0,3,95,13,0,12,1,0,0,0,0,10,91,7,0,5,0,0,0,0,0,4,91,14,0,11,0,0,0,0,0,10,89,2,0,2,0,0,0,0,0,2,88,8,0,8,0,0,0,0,0,8,75,4,0,4,0,0,0,0,0,3,75,9,0,8,0,0,0,0,0,5
84M284,Harlem Children's Zone Promise Academy 1 Charter School,2015,9,70,1,1,HARLEM CHILDREN'S ZONE PROMISE ACADEMY 1 CHARTER SCHOOL,5,40.81259:-73.94816,NEW YORK,10027,0K,12,0.768,33937.49,0.02,0,0.85,0.12,0.97,0,0.95,0.13,0.85,Approaching Target,0.8,Approaching Target,0.87,Exceeding Target,0.78,Approaching Target,0.82,Approaching Target,0.89,Meeting Target,Meeting Target,2.51,2.91,97,6,0,6,0,0,0,0,0,4,97,45,0,35,8,0,0,0,0,36,99,15,0,11,4,0,0,0,0,14,98,47,0,35,7,0,0,4,0,40,97,3,0,3,0,0,0,0,0,3,95,13,0,12,1,0,0,0,0,10,91,7,0,5,0,0,0,0,0,4,91,14,0,11,0,0,0,0,0,10,89,2,0,2,0,0,0,0,0,2,88,8,0,8,0,0,0,0,0,8,75,4,0,4,0,0,0,0,0,3,75,9,0,8,0,0,0,0,0,5
84M284,Harlem Children's Zone Promise Academy 1 Charter School,2016,9,80,1,1,HARLEM CHILDREN'S ZONE PROMISE ACADEMY 1 CHARTER SCHOOL,5,40.81259:-73.94816,NEW YORK,10027,0K,12,0.768,33937.49,0.02,0,0.85,0.12,0.97,0,0.95,0.13,0.85,Approaching Target,0.8,Approaching Target,0.87,Exceeding Target,0.78,Approaching Target,0.82,Approaching Target,0.89,Meeting Target,Meeting Target,2.51,2.91,97,6,0,6,0,0,0,0,0,4,97,45,0,35,8,0,0,0,0,36,99,15,0,11,4,0,0,0,0,14,98,47,0,35,7,0,0,4,0,40,97,3,0,3,0,0,0,0,0,3,95,13,0,12,1,0,0,0,0,10,91,7,0,5,0,0,0,0,0,4,91,14,0,11,0,0,0,0,0,10,89,2,0,2,0,0,0,0,0,2,88,8,0,8,0,0,0,0,0,8,75,4,0,4,0,0,0,0,0,3,75,9,0,8,0,0,0,0,0,5
84M336,KIPP Infinity Charter School,2013,8,87,97,11,KIPP INFINITY CHARTER SCHOOL,5,40.81976:-73.95724,NEW YORK,10027,0K,12,0.798,33303.04,0.12,0,0.3,0.68,0.98,0.01,0.96,0.12,0.93,Exceeding Target,0.95,Exceeding Target,0.88,Exceeding Target,0.94,Exceeding Target,0.9,Exceeding Target,0.95,Exceeding Target,Exceeding Target,2.6,3.13,97,7,0,2,4,0,0,0,1,6,97,49,0,17,31,0,0,0,3,44,98,6,0,0,4,0,0,0,0,6,98,17,0,0,12,0,0,0,0,16,90,9,0,0,4,0,0,0,0,7,91,17,0,0,11,0,0,0,0,15,91,15,0,0,15,0,0,0,0,14,91,43,0,0,38,0,0,0,2,40,90,18,0,0,11,0,0,0,0,0,89,48,0,0,39,0,0,0,0,0,78,10,0,0,7,0,0,0,0,0,78,45,0,0,38,0,0,0,0,0
84M336,KIPP Infinity Charter School,2014,8,91,90,18,KIPP INFINITY CHARTER SCHOOL,5,40.81976:-73.95724,NEW YORK,10027,0K,12,0.798,33303.04,0.12,0,0.3,0.68,0.98,0.01,0.96,0.12,0.93,Exceeding Target,0.95,Exceeding Target,0.88,Exceeding Target,0.94,Exceeding Target,0.9,Exceeding Target,0.95,Exceeding Target,Exceeding Target,2.6,3.13,97,7,0,2,4,0,0,0,1,6,97,49,0,17,31,0,0,0,3,44,98,6,0,0,4,0,0,0,0,6,98,17,0,0,12,0,0,0,0,16,90,9,0,0,4,0,0,0,0,7,91,17,0,0,11,0,0,0,0,15,91,15,0,0,15,0,0,0,0,14,91,43,0,0,38,0,0,0,2,40,90,18,0,0,11,0,0,0,0,0,89,48,0,0,39,0,0,0,0,0,78,10,0,0,7,0,0,0,0,0,78,45,0,0,38,0,0,0,0,0
84M336,KIPP Infinity Charter School,2015,8,78,78,12,KIPP INFINITY CHARTER SCHOOL,5,40.81976:-73.95724,NEW YORK,10027,0K,12,0.798,33303.04,0.12,0,0.3,0.68,0.98,0.01,0.96,0.12,0.93,Exceeding Target,0.95,Exceeding Target,0.88,Exceeding Target,0.94,Exceeding Target,0.9,Exceeding Target,0.95,Exceeding Target,Exceeding Target,2.6,3.13,97,7,0,2,4,0,0,0,1,6,97,49,0,17,31,0,0,0,3,44,98,6,0,0,4,0,0,0,0,6,98,17,0,0,12,0,0,0,0,16,90,9,0,0,4,0,0,0,0,7,91,17,0,0,11,0,0,0,0,15,91,15,0,0,15,0,0,0,0,14,91,43,0,0,38,0,0,0,2,40,90,18,0,0,11,0,0,0,0,0,89,48,0,0,39,0,0,0,0,0,78,10,0,0,7,0,0,0,0,0,78,45,0,0,38,0,0,0,0,0
84M336,KIPP Infinity Charter School,2016,8,88,30,24,KIPP INFINITY CHARTER SCHOOL,5,40.81976:-73.95724,NEW YORK,10027,0K,12,0.798,33303.04,0.12,0,0.3,0.68,0.98,0.01,0.96,0.12,0.93,Exceeding Target,0.95,Exceeding Target,0.88,Exceeding Target,0.94,Exceeding Target,0.9,Exceeding Target,0.95,Exceeding Target,Exceeding Target,2.6,3.13,97,7,0,2,4,0,0,0,1,6,97,49,0,17,31,0,0,0,3,44,98,6,0,0,4,0,0,0,0,6,98,17,0,0,12,0,0,0,0,16,90,9,0,0,4,0,0,0,0,7,91,17,0,0,11,0,0,0,0,15,91,15,0,0,15,0,0,0,0,14,91,43,0,0,38,0,0,0,2,40,90,18,0,0,11,0,0,0,0,0,89,48,0,0,39,0,0,0,0,0,78,10,0,0,7,0,0,0,0,0,78,45,0,0,38,0,0,0,0,0
84M336,KIPP Infinity Charter School,2013,9,71,1,0,KIPP INFINITY CHARTER SCHOOL,5,40.81976:-73.95724,NEW YORK,10027,0K,12,0.798,33303.04,0.12,0,0.3,0.68,0.98,0.01,0.96,0.12,0.93,Exceeding Target,0.95,Exceeding Target,0.88,Exceeding Target,0.94,Exceeding Target,0.9,Exceeding Target,0.95,Exceeding Target,Exceeding Target,2.6,3.13,97,7,0,2,4,0,0,0,1,6,97,49,0,17,31,0,0,0,3,44,98,6,0,0,4,0,0,0,0,6,98,17,0,0,12,0,0,0,0,16,90,9,0,0,4,0,0,0,0,7,91,17,0,0,11,0,0,0,0,15,91,15,0,0,15,0,0,0,0,14,91,43,0,0,38,0,0,0,2,40,90,18,0,0,11,0,0,0,0,0,89,48,0,0,39,0,0,0,0,0,78,10,0,0,7,0,0,0,0,0,78,45,0,0,38,0,0,0,0,0
84M336,KIPP Infinity Charter School,2016,9,79,0,0,KIPP INFINITY CHARTER SCHOOL,5,40.81976:-73.95724,NEW YORK,10027,0K,12,0.798,33303.04,0.12,0,0.3,0.68,0.98,0.01,0.96,0.12,0.93,Exceeding Target,0.95,Exceeding Target,0.88,Exceeding Target,0.94,Exceeding Target,0.9,Exceeding Target,0.95,Exceeding Target,Exceeding Target,2.6,3.13,97,7,0,2,4,0,0,0,1,6,97,49,0,17,31,0,0,0,3,44,98,6,0,0,4,0,0,0,0,6,98,17,0,0,12,0,0,0,0,16,90,9,0,0,4,0,0,0,0,7,91,17,0,0,11,0,0,0,0,15,91,15,0,0,15,0,0,0,0,14,91,43,0,0,38,0,0,0,2,40,90,18,0,0,11,0,0,0,0,0,89,48,0,0,39,0,0,0,0,0,78,10,0,0,7,0,0,0,0,0,78,45,0,0,38,0,0,0,0,0
84M341,Harlem Children's Zone Promise Academy II Charter School,2013,8,40,9,9,HARLEM CHILDREN'S ZONE PROMISE ACADEMY II CHARTER SCHOOL,5,40.80620:-73.94102,NEW YORK,10035,0K,12,0.757,35109.03,0.03,0,0.84,0.13,0.97,0,0.95,0.14,0.86,Meeting Target,0.85,Meeting Target,0.8,Meeting Target,0.8,Meeting Target,0.83,Approaching Target,0.88,Meeting Target,Exceeding Target,2.57,3.13,78,6,0,5,1,0,0,0,0,5,78,49,0,39,7,0,0,0,0,38,81,9,0,7,0,0,0,0,0,8,80,25,0,18,4,0,0,0,0,21,72,2,0,2,0,0,0,0,0,2,71,8,0,6,0,0,0,0,1,7,80,12,0,11,0,0,0,0,0,10,80,23,0,20,0,0,0,0,0,18,79,4,0,4,0,0,0,0,0,2,79,12,0,12,0,0,0,0,0,11,73,9,0,8,1,0,0,0,0,5,73,19,0,18,1,0,0,0,0,10
84M341,Harlem Children's Zone Promise Academy II Charter School,2014,8,76,27,20,HARLEM CHILDREN'S ZONE PROMISE ACADEMY II CHARTER SCHOOL,5,40.80620:-73.94102,NEW YORK,10035,0K,12,0.757,35109.03,0.03,0,0.84,0.13,0.97,0,0.95,0.14,0.86,Meeting Target,0.85,Meeting Target,0.8,Meeting Target,0.8,Meeting Target,0.83,Approaching Target,0.88,Meeting Target,Exceeding Target,2.57,3.13,78,6,0,5,1,0,0,0,0,5,78,49,0,39,7,0,0,0,0,38,81,9,0,7,0,0,0,0,0,8,80,25,0,18,4,0,0,0,0,21,72,2,0,2,0,0,0,0,0,2,71,8,0,6,0,0,0,0,1,7,80,12,0,11,0,0,0,0,0,10,80,23,0,20,0,0,0,0,0,18,79,4,0,4,0,0,0,0,0,2,79,12,0,12,0,0,0,0,0,11,73,9,0,8,1,0,0,0,0,5,73,19,0,18,1,0,0,0,0,10
84M341,Harlem Children's Zone Promise Academy II Charter School,2015,8,75,23,21,HARLEM CHILDREN'S ZONE PROMISE ACADEMY II CHARTER SCHOOL,5,40.80620:-73.94102,NEW YORK,10035,0K,12,0.757,35109.03,0.03,0,0.84,0.13,0.97,0,0.95,0.14,0.86,Meeting Target,0.85,Meeting Target,0.8,Meeting Target,0.8,Meeting Target,0.83,Approaching Target,0.88,Meeting Target,Exceeding Target,2.57,3.13,78,6,0,5,1,0,0,0,0,5,78,49,0,39,7,0,0,0,0,38,81,9,0,7,0,0,0,0,0,8,80,25,0,18,4,0,0,0,0,21,72,2,0,2,0,0,0,0,0,2,71,8,0,6,0,0,0,0,1,7,80,12,0,11,0,0,0,0,0,10,80,23,0,20,0,0,0,0,0,18,79,4,0,4,0,0,0,0,0,2,79,12,0,12,0,0,0,0,0,11,73,9,0,8,1,0,0,0,0,5,73,19,0,18,1,0,0,0,0,10
84M341,Harlem Children's Zone Promise Academy II Charter School,2016,8,79,10,5,HARLEM CHILDREN'S ZONE PROMISE ACADEMY II CHARTER SCHOOL,5,40.80620:-73.94102,NEW YORK,10035,0K,12,0.757,35109.03,0.03,0,0.84,0.13,0.97,0,0.95,0.14,0.86,Meeting Target,0.85,Meeting Target,0.8,Meeting Target,0.8,Meeting Target,0.83,Approaching Target,0.88,Meeting Target,Exceeding Target,2.57,3.13,78,6,0,5,1,0,0,0,0,5,78,49,0,39,7,0,0,0,0,38,81,9,0,7,0,0,0,0,0,8,80,25,0,18,4,0,0,0,0,21,72,2,0,2,0,0,0,0,0,2,71,8,0,6,0,0,0,0,1,7,80,12,0,11,0,0,0,0,0,10,80,23,0,20,0,0,0,0,0,18,79,4,0,4,0,0,0,0,0,2,79,12,0,12,0,0,0,0,0,11,73,9,0,8,1,0,0,0,0,5,73,19,0,18,1,0,0,0,0,10
84M341,Harlem Children's Zone Promise Academy II Charter School,2013,9,35,0,0,HARLEM CHILDREN'S ZONE PROMISE ACADEMY II CHARTER SCHOOL,5,40.80620:-73.94102,NEW YORK,10035,0K,12,0.757,35109.03,0.03,0,0.84,0.13,0.97,0,0.95,0.14,0.86,Meeting Target,0.85,Meeting Target,0.8,Meeting Target,0.8,Meeting Target,0.83,Approaching Target,0.88,Meeting Target,Exceeding Target,2.57,3.13,78,6,0,5,1,0,0,0,0,5,78,49,0,39,7,0,0,0,0,38,81,9,0,7,0,0,0,0,0,8,80,25,0,18,4,0,0,0,0,21,72,2,0,2,0,0,0,0,0,2,71,8,0,6,0,0,0,0,1,7,80,12,0,11,0,0,0,0,0,10,80,23,0,20,0,0,0,0,0,18,79,4,0,4,0,0,0,0,0,2,79,12,0,12,0,0,0,0,0,11,73,9,0,8,1,0,0,0,0,5,73,19,0,18,1,0,0,0,0,10
84M341,Harlem Children's Zone Promise Academy II Charter School,2014,9,38,5,5,HARLEM CHILDREN'S ZONE PROMISE ACADEMY II CHARTER SCHOOL,5,40.80620:-73.94102,NEW YORK,10035,0K,12,0.757,35109.03,0.03,0,0.84,0.13,0.97,0,0.95,0.14,0.86,Meeting Target,0.85,Meeting Target,0.8,Meeting Target,0.8,Meeting Target,0.83,Approaching Target,0.88,Meeting Target,Exceeding Target,2.57,3.13,78,6,0,5,1,0,0,0,0,5,78,49,0,39,7,0,0,0,0,38,81,9,0,7,0,0,0,0,0,8,80,25,0,18,4,0,0,0,0,21,72,2,0,2,0,0,0,0,0,2,71,8,0,6,0,0,0,0,1,7,80,12,0,11,0,0,0,0,0,10,80,23,0,20,0,0,0,0,0,18,79,4,0,4,0,0,0,0,0,2,79,12,0,12,0,0,0,0,0,11,73,9,0,8,1,0,0,0,0,5,73,19,0,18,1,0,0,0,0,10
84M341,Harlem Children's Zone Promise Academy II Charter School,2015,9,79,1,1,HARLEM CHILDREN'S ZONE PROMISE ACADEMY II CHARTER SCHOOL,5,40.80620:-73.94102,NEW YORK,10035,0K,12,0.757,35109.03,0.03,0,0.84,0.13,0.97,0,0.95,0.14,0.86,Meeting Target,0.85,Meeting Target,0.8,Meeting Target,0.8,Meeting Target,0.83,Approaching Target,0.88,Meeting Target,Exceeding Target,2.57,3.13,78,6,0,5,1,0,0,0,0,5,78,49,0,39,7,0,0,0,0,38,81,9,0,7,0,0,0,0,0,8,80,25,0,18,4,0,0,0,0,21,72,2,0,2,0,0,0,0,0,2,71,8,0,6,0,0,0,0,1,7,80,12,0,11,0,0,0,0,0,10,80,23,0,20,0,0,0,0,0,18,79,4,0,4,0,0,0,0,0,2,79,12,0,12,0,0,0,0,0,11,73,9,0,8,1,0,0,0,0,5,73,19,0,18,1,0,0,0,0,10
84M341,Harlem Children's Zone Promise Academy II Charter School,2016,9,76,7,4,HARLEM CHILDREN'S ZONE PROMISE ACADEMY II CHARTER SCHOOL,5,40.80620:-73.94102,NEW YORK,10035,0K,12,0.757,35109.03,0.03,0,0.84,0.13,0.97,0,0.95,0.14,0.86,Meeting Target,0.85,Meeting Target,0.8,Meeting Target,0.8,Meeting Target,0.83,Approaching Target,0.88,Meeting Target,Exceeding Target,2.57,3.13,78,6,0,5,1,0,0,0,0,5,78,49,0,39,7,0,0,0,0,38,81,9,0,7,0,0,0,0,0,8,80,25,0,18,4,0,0,0,0,21,72,2,0,2,0,0,0,0,0,2,71,8,0,6,0,0,0,0,1,7,80,12,0,11,0,0,0,0,0,10,80,23,0,20,0,0,0,0,0,18,79,4,0,4,0,0,0,0,0,2,79,12,0,12,0,0,0,0,0,11,73,9,0,8,1,0,0,0,0,5,73,19,0,18,1,0,0,0,0,10
84M350,Democracy Prep Charter School,2013,8,115,34,26,DEMOCRACY PREP CHARTER SCHOOL,5,40.81495:-73.94581,NEW YORK,10030,9,12,0.714,NA,0.03,0.01,0.67,0.29,0.97,0.01,0.95,0.15,0.91,Exceeding Target,0.96,Exceeding Target,0.86,Exceeding Target,0.91,Exceeding Target,0.82,Meeting Target,0.93,Meeting Target,Exceeding Target,2.64,3.07,0,0,0,0,0,0,0,0,0,0,0,0,0,0,0,0,0,0,0,0,0,0,0,0,0,0,0,0,0,0,0,0,0,0,0,0,0,0,0,0,0,0,0,0,0,0,0,0,0,0,0,0,0,0,0,0,0,0,0,0,102,6,0,3,0,0,0,0,0,4,102,27,0,16,0,0,0,0,0,18,111,4,0,2,0,0,0,0,0,3,112,19,0,11,7,0,0,0,0,14,105,10,0,7,3,0,0,0,0,8,77,11,0,9,2,0,0,0,0,10
84M350,Democracy Prep Charter School,2014,8,123,42,24,DEMOCRACY PREP CHARTER SCHOOL,5,40.81495:-73.94581,NEW YORK,10030,9,12,0.714,NA,0.03,0.01,0.67,0.29,0.97,0.01,0.95,0.15,0.91,Exceeding Target,0.96,Exceeding Target,0.86,Exceeding Target,0.91,Exceeding Target,0.82,Meeting Target,0.93,Meeting Target,Exceeding Target,2.64,3.07,0,0,0,0,0,0,0,0,0,0,0,0,0,0,0,0,0,0,0,0,0,0,0,0,0,0,0,0,0,0,0,0,0,0,0,0,0,0,0,0,0,0,0,0,0,0,0,0,0,0,0,0,0,0,0,0,0,0,0,0,102,6,0,3,0,0,0,0,0,4,102,27,0,16,0,0,0,0,0,18,111,4,0,2,0,0,0,0,0,3,112,19,0,11,7,0,0,0,0,14,105,10,0,7,3,0,0,0,0,8,77,11,0,9,2,0,0,0,0,10
84M350,Democracy Prep Charter School,2015,8,112,31,24,DEMOCRACY PREP CHARTER SCHOOL,5,40.81495:-73.94581,NEW YORK,10030,9,12,0.714,NA,0.03,0.01,0.67,0.29,0.97,0.01,0.95,0.15,0.91,Exceeding Target,0.96,Exceeding Target,0.86,Exceeding Target,0.91,Exceeding Target,0.82,Meeting Target,0.93,Meeting Target,Exceeding Target,2.64,3.07,0,0,0,0,0,0,0,0,0,0,0,0,0,0,0,0,0,0,0,0,0,0,0,0,0,0,0,0,0,0,0,0,0,0,0,0,0,0,0,0,0,0,0,0,0,0,0,0,0,0,0,0,0,0,0,0,0,0,0,0,102,6,0,3,0,0,0,0,0,4,102,27,0,16,0,0,0,0,0,18,111,4,0,2,0,0,0,0,0,3,112,19,0,11,7,0,0,0,0,14,105,10,0,7,3,0,0,0,0,8,77,11,0,9,2,0,0,0,0,10
84M350,Democracy Prep Charter School,2016,8,130,36,24,DEMOCRACY PREP CHARTER SCHOOL,5,40.81495:-73.94581,NEW YORK,10030,9,12,0.714,NA,0.03,0.01,0.67,0.29,0.97,0.01,0.95,0.15,0.91,Exceeding Target,0.96,Exceeding Target,0.86,Exceeding Target,0.91,Exceeding Target,0.82,Meeting Target,0.93,Meeting Target,Exceeding Target,2.64,3.07,0,0,0,0,0,0,0,0,0,0,0,0,0,0,0,0,0,0,0,0,0,0,0,0,0,0,0,0,0,0,0,0,0,0,0,0,0,0,0,0,0,0,0,0,0,0,0,0,0,0,0,0,0,0,0,0,0,0,0,0,102,6,0,3,0,0,0,0,0,4,102,27,0,16,0,0,0,0,0,18,111,4,0,2,0,0,0,0,0,3,112,19,0,11,7,0,0,0,0,14,105,10,0,7,3,0,0,0,0,8,77,11,0,9,2,0,0,0,0,10
84M350,Democracy Prep Charter School,2013,9,124,0,0,DEMOCRACY PREP CHARTER SCHOOL,5,40.81495:-73.94581,NEW YORK,10030,9,12,0.714,NA,0.03,0.01,0.67,0.29,0.97,0.01,0.95,0.15,0.91,Exceeding Target,0.96,Exceeding Target,0.86,Exceeding Target,0.91,Exceeding Target,0.82,Meeting Target,0.93,Meeting Target,Exceeding Target,2.64,3.07,0,0,0,0,0,0,0,0,0,0,0,0,0,0,0,0,0,0,0,0,0,0,0,0,0,0,0,0,0,0,0,0,0,0,0,0,0,0,0,0,0,0,0,0,0,0,0,0,0,0,0,0,0,0,0,0,0,0,0,0,102,6,0,3,0,0,0,0,0,4,102,27,0,16,0,0,0,0,0,18,111,4,0,2,0,0,0,0,0,3,112,19,0,11,7,0,0,0,0,14,105,10,0,7,3,0,0,0,0,8,77,11,0,9,2,0,0,0,0,10
84M350,Democracy Prep Charter School,2014,9,122,0,0,DEMOCRACY PREP CHARTER SCHOOL,5,40.81495:-73.94581,NEW YORK,10030,9,12,0.714,NA,0.03,0.01,0.67,0.29,0.97,0.01,0.95,0.15,0.91,Exceeding Target,0.96,Exceeding Target,0.86,Exceeding Target,0.91,Exceeding Target,0.82,Meeting Target,0.93,Meeting Target,Exceeding Target,2.64,3.07,0,0,0,0,0,0,0,0,0,0,0,0,0,0,0,0,0,0,0,0,0,0,0,0,0,0,0,0,0,0,0,0,0,0,0,0,0,0,0,0,0,0,0,0,0,0,0,0,0,0,0,0,0,0,0,0,0,0,0,0,102,6,0,3,0,0,0,0,0,4,102,27,0,16,0,0,0,0,0,18,111,4,0,2,0,0,0,0,0,3,112,19,0,11,7,0,0,0,0,14,105,10,0,7,3,0,0,0,0,8,77,11,0,9,2,0,0,0,0,10
84M350,Democracy Prep Charter School,2015,9,104,2,2,DEMOCRACY PREP CHARTER SCHOOL,5,40.81495:-73.94581,NEW YORK,10030,9,12,0.714,NA,0.03,0.01,0.67,0.29,0.97,0.01,0.95,0.15,0.91,Exceeding Target,0.96,Exceeding Target,0.86,Exceeding Target,0.91,Exceeding Target,0.82,Meeting Target,0.93,Meeting Target,Exceeding Target,2.64,3.07,0,0,0,0,0,0,0,0,0,0,0,0,0,0,0,0,0,0,0,0,0,0,0,0,0,0,0,0,0,0,0,0,0,0,0,0,0,0,0,0,0,0,0,0,0,0,0,0,0,0,0,0,0,0,0,0,0,0,0,0,102,6,0,3,0,0,0,0,0,4,102,27,0,16,0,0,0,0,0,18,111,4,0,2,0,0,0,0,0,3,112,19,0,11,7,0,0,0,0,14,105,10,0,7,3,0,0,0,0,8,77,11,0,9,2,0,0,0,0,10
84M350,Democracy Prep Charter School,2016,9,113,0,0,DEMOCRACY PREP CHARTER SCHOOL,5,40.81495:-73.94581,NEW YORK,10030,9,12,0.714,NA,0.03,0.01,0.67,0.29,0.97,0.01,0.95,0.15,0.91,Exceeding Target,0.96,Exceeding Target,0.86,Exceeding Target,0.91,Exceeding Target,0.82,Meeting Target,0.93,Meeting Target,Exceeding Target,2.64,3.07,0,0,0,0,0,0,0,0,0,0,0,0,0,0,0,0,0,0,0,0,0,0,0,0,0,0,0,0,0,0,0,0,0,0,0,0,0,0,0,0,0,0,0,0,0,0,0,0,0,0,0,0,0,0,0,0,0,0,0,0,102,6,0,3,0,0,0,0,0,4,102,27,0,16,0,0,0,0,0,18,111,4,0,2,0,0,0,0,0,3,112,19,0,11,7,0,0,0,0,14,105,10,0,7,3,0,0,0,0,8,77,11,0,9,2,0,0,0,0,10
84M384,Success Academy Charter School - Harlem 2,2016,8,70,34,32,SUCCESS ACADEMY CHARTER SCHOOL - HARLEM 2,5,40.80572:-73.93533,NEW YORK,10035,0K,8,0.734,32064.6,0.04,0.01,0.73,0.23,0.97,0.01,0,1,0.9,Meeting Target,0.94,Exceeding Target,0.87,Approaching Target,0.89,Exceeding Target,0.92,Exceeding Target,0.92,Meeting Target,Meeting Target,3.17,3.68,100,14,0,10,0,0,0,0,0,12,100,75,0,57,0,0,0,0,0,66,80,27,0,21,0,0,0,0,0,25,80,65,0,49,0,0,0,0,0,52,82,19,0,14,5,0,0,0,0,15,83,32,0,23,6,0,0,0,0,26,86,22,0,16,4,0,0,0,0,13,86,49,0,32,14,0,0,0,0,36,80,30,0,24,0,0,0,0,0,21,80,40,0,32,0,0,0,0,0,29,0,0,0,0,0,0,0,0,0,0,0,0,0,0,0,0,0,0,0,0
84M388,St. HOPE Leadership Academy Charter School,2013,8,68,27,24,ST. HOPE LEADERSHIP ACADEMY CHARTER SCHOOL,5,40.81495:-73.94581,NEW YORK,10030,0K,12,0.818,NA,0.09,0.01,0.66,0.29,0.95,0.01,0.95,0.05,0.87,Meeting Target,0.94,Exceeding Target,0.91,Exceeding Target,0.88,Meeting Target,0.82,Meeting Target,0.94,Exceeding Target,Approaching Target,2.13,2.29,0,0,0,0,0,0,0,0,0,0,0,0,0,0,0,0,0,0,0,0,0,0,0,0,0,0,0,0,0,0,0,0,0,0,0,0,0,0,0,0,0,0,0,0,0,0,0,0,0,0,0,0,0,0,0,0,0,0,0,0,107,5,0,4,0,0,0,0,0,4,107,5,0,2,2,0,0,0,0,4,98,2,0,2,0,0,0,0,0,2,97,2,0,0,2,0,0,0,0,2,67,2,0,1,0,0,0,0,0,2,66,3,0,0,0,0,0,0,0,3
84M388,St. HOPE Leadership Academy Charter School,2014,8,76,26,20,ST. HOPE LEADERSHIP ACADEMY CHARTER SCHOOL,5,40.81495:-73.94581,NEW YORK,10030,0K,12,0.818,NA,0.09,0.01,0.66,0.29,0.95,0.01,0.95,0.05,0.87,Meeting Target,0.94,Exceeding Target,0.91,Exceeding Target,0.88,Meeting Target,0.82,Meeting Target,0.94,Exceeding Target,Approaching Target,2.13,2.29,0,0,0,0,0,0,0,0,0,0,0,0,0,0,0,0,0,0,0,0,0,0,0,0,0,0,0,0,0,0,0,0,0,0,0,0,0,0,0,0,0,0,0,0,0,0,0,0,0,0,0,0,0,0,0,0,0,0,0,0,107,5,0,4,0,0,0,0,0,4,107,5,0,2,2,0,0,0,0,4,98,2,0,2,0,0,0,0,0,2,97,2,0,0,2,0,0,0,0,2,67,2,0,1,0,0,0,0,0,2,66,3,0,0,0,0,0,0,0,3
84M388,St. HOPE Leadership Academy Charter School,2015,8,76,13,10,ST. HOPE LEADERSHIP ACADEMY CHARTER SCHOOL,5,40.81495:-73.94581,NEW YORK,10030,0K,12,0.818,NA,0.09,0.01,0.66,0.29,0.95,0.01,0.95,0.05,0.87,Meeting Target,0.94,Exceeding Target,0.91,Exceeding Target,0.88,Meeting Target,0.82,Meeting Target,0.94,Exceeding Target,Approaching Target,2.13,2.29,0,0,0,0,0,0,0,0,0,0,0,0,0,0,0,0,0,0,0,0,0,0,0,0,0,0,0,0,0,0,0,0,0,0,0,0,0,0,0,0,0,0,0,0,0,0,0,0,0,0,0,0,0,0,0,0,0,0,0,0,107,5,0,4,0,0,0,0,0,4,107,5,0,2,2,0,0,0,0,4,98,2,0,2,0,0,0,0,0,2,97,2,0,0,2,0,0,0,0,2,67,2,0,1,0,0,0,0,0,2,66,3,0,0,0,0,0,0,0,3
84M388,St. HOPE Leadership Academy Charter School,2016,8,85,18,14,ST. HOPE LEADERSHIP ACADEMY CHARTER SCHOOL,5,40.81495:-73.94581,NEW YORK,10030,0K,12,0.818,NA,0.09,0.01,0.66,0.29,0.95,0.01,0.95,0.05,0.87,Meeting Target,0.94,Exceeding Target,0.91,Exceeding Target,0.88,Meeting Target,0.82,Meeting Target,0.94,Exceeding Target,Approaching Target,2.13,2.29,0,0,0,0,0,0,0,0,0,0,0,0,0,0,0,0,0,0,0,0,0,0,0,0,0,0,0,0,0,0,0,0,0,0,0,0,0,0,0,0,0,0,0,0,0,0,0,0,0,0,0,0,0,0,0,0,0,0,0,0,107,5,0,4,0,0,0,0,0,4,107,5,0,2,2,0,0,0,0,4,98,2,0,2,0,0,0,0,0,2,97,2,0,0,2,0,0,0,0,2,67,2,0,1,0,0,0,0,0,2,66,3,0,0,0,0,0,0,0,3
84M481,Democracy Prep Harlem Charter School,2013,8,117,21,14,DEMOCRACY PREP HARLEM CHARTER SCHOOL,5,40.81441:-73.94512,NEW YORK,10030,6,8,0.746,NA,0.06,0.01,0.64,0.33,0.97,0.01,0.94,0.17,0.86,Meeting Target,0.89,Meeting Target,0.78,Meeting Target,0.83,Meeting Target,0.85,Approaching Target,0.89,Meeting Target,Meeting Target,2.37,2.74,0,0,0,0,0,0,0,0,0,0,0,0,0,0,0,0,0,0,0,0,0,0,0,0,0,0,0,0,0,0,0,0,0,0,0,0,0,0,0,0,0,0,0,0,0,0,0,0,0,0,0,0,0,0,0,0,0,0,0,0,89,5,0,4,0,0,0,0,0,4,89,7,0,5,0,0,0,0,0,6,102,2,0,1,1,0,0,0,0,1,102,5,0,3,1,0,0,0,0,3,100,2,0,0,2,0,0,0,0,2,74,3,0,1,0,0,0,0,0,3
84M481,Democracy Prep Harlem Charter School,2014,8,114,26,15,DEMOCRACY PREP HARLEM CHARTER SCHOOL,5,40.81441:-73.94512,NEW YORK,10030,6,8,0.746,NA,0.06,0.01,0.64,0.33,0.97,0.01,0.94,0.17,0.86,Meeting Target,0.89,Meeting Target,0.78,Meeting Target,0.83,Meeting Target,0.85,Approaching Target,0.89,Meeting Target,Meeting Target,2.37,2.74,0,0,0,0,0,0,0,0,0,0,0,0,0,0,0,0,0,0,0,0,0,0,0,0,0,0,0,0,0,0,0,0,0,0,0,0,0,0,0,0,0,0,0,0,0,0,0,0,0,0,0,0,0,0,0,0,0,0,0,0,89,5,0,4,0,0,0,0,0,4,89,7,0,5,0,0,0,0,0,6,102,2,0,1,1,0,0,0,0,1,102,5,0,3,1,0,0,0,0,3,100,2,0,0,2,0,0,0,0,2,74,3,0,1,0,0,0,0,0,3
84M481,Democracy Prep Harlem Charter School,2015,8,107,24,22,DEMOCRACY PREP HARLEM CHARTER SCHOOL,5,40.81441:-73.94512,NEW YORK,10030,6,8,0.746,NA,0.06,0.01,0.64,0.33,0.97,0.01,0.94,0.17,0.86,Meeting Target,0.89,Meeting Target,0.78,Meeting Target,0.83,Meeting Target,0.85,Approaching Target,0.89,Meeting Target,Meeting Target,2.37,2.74,0,0,0,0,0,0,0,0,0,0,0,0,0,0,0,0,0,0,0,0,0,0,0,0,0,0,0,0,0,0,0,0,0,0,0,0,0,0,0,0,0,0,0,0,0,0,0,0,0,0,0,0,0,0,0,0,0,0,0,0,89,5,0,4,0,0,0,0,0,4,89,7,0,5,0,0,0,0,0,6,102,2,0,1,1,0,0,0,0,1,102,5,0,3,1,0,0,0,0,3,100,2,0,0,2,0,0,0,0,2,74,3,0,1,0,0,0,0,0,3
84M481,Democracy Prep Harlem Charter School,2016,8,110,17,12,DEMOCRACY PREP HARLEM CHARTER SCHOOL,5,40.81441:-73.94512,NEW YORK,10030,6,8,0.746,NA,0.06,0.01,0.64,0.33,0.97,0.01,0.94,0.17,0.86,Meeting Target,0.89,Meeting Target,0.78,Meeting Target,0.83,Meeting Target,0.85,Approaching Target,0.89,Meeting Target,Meeting Target,2.37,2.74,0,0,0,0,0,0,0,0,0,0,0,0,0,0,0,0,0,0,0,0,0,0,0,0,0,0,0,0,0,0,0,0,0,0,0,0,0,0,0,0,0,0,0,0,0,0,0,0,0,0,0,0,0,0,0,0,0,0,0,0,89,5,0,4,0,0,0,0,0,4,89,7,0,5,0,0,0,0,0,6,102,2,0,1,1,0,0,0,0,1,102,5,0,3,1,0,0,0,0,3,100,2,0,0,2,0,0,0,0,2,74,3,0,1,0,0,0,0,0,3
84M481,Democracy Prep Harlem Charter School,2013,9,110,0,0,DEMOCRACY PREP HARLEM CHARTER SCHOOL,5,40.81441:-73.94512,NEW YORK,10030,6,8,0.746,NA,0.06,0.01,0.64,0.33,0.97,0.01,0.94,0.17,0.86,Meeting Target,0.89,Meeting Target,0.78,Meeting Target,0.83,Meeting Target,0.85,Approaching Target,0.89,Meeting Target,Meeting Target,2.37,2.74,0,0,0,0,0,0,0,0,0,0,0,0,0,0,0,0,0,0,0,0,0,0,0,0,0,0,0,0,0,0,0,0,0,0,0,0,0,0,0,0,0,0,0,0,0,0,0,0,0,0,0,0,0,0,0,0,0,0,0,0,89,5,0,4,0,0,0,0,0,4,89,7,0,5,0,0,0,0,0,6,102,2,0,1,1,0,0,0,0,1,102,5,0,3,1,0,0,0,0,3,100,2,0,0,2,0,0,0,0,2,74,3,0,1,0,0,0,0,0,3
84M481,Democracy Prep Harlem Charter School,2014,9,119,0,0,DEMOCRACY PREP HARLEM CHARTER SCHOOL,5,40.81441:-73.94512,NEW YORK,10030,6,8,0.746,NA,0.06,0.01,0.64,0.33,0.97,0.01,0.94,0.17,0.86,Meeting Target,0.89,Meeting Target,0.78,Meeting Target,0.83,Meeting Target,0.85,Approaching Target,0.89,Meeting Target,Meeting Target,2.37,2.74,0,0,0,0,0,0,0,0,0,0,0,0,0,0,0,0,0,0,0,0,0,0,0,0,0,0,0,0,0,0,0,0,0,0,0,0,0,0,0,0,0,0,0,0,0,0,0,0,0,0,0,0,0,0,0,0,0,0,0,0,89,5,0,4,0,0,0,0,0,4,89,7,0,5,0,0,0,0,0,6,102,2,0,1,1,0,0,0,0,1,102,5,0,3,1,0,0,0,0,3,100,2,0,0,2,0,0,0,0,2,74,3,0,1,0,0,0,0,0,3
84M481,Democracy Prep Harlem Charter School,2015,9,106,1,1,DEMOCRACY PREP HARLEM CHARTER SCHOOL,5,40.81441:-73.94512,NEW YORK,10030,6,8,0.746,NA,0.06,0.01,0.64,0.33,0.97,0.01,0.94,0.17,0.86,Meeting Target,0.89,Meeting Target,0.78,Meeting Target,0.83,Meeting Target,0.85,Approaching Target,0.89,Meeting Target,Meeting Target,2.37,2.74,0,0,0,0,0,0,0,0,0,0,0,0,0,0,0,0,0,0,0,0,0,0,0,0,0,0,0,0,0,0,0,0,0,0,0,0,0,0,0,0,0,0,0,0,0,0,0,0,0,0,0,0,0,0,0,0,0,0,0,0,89,5,0,4,0,0,0,0,0,4,89,7,0,5,0,0,0,0,0,6,102,2,0,1,1,0,0,0,0,1,102,5,0,3,1,0,0,0,0,3,100,2,0,0,2,0,0,0,0,2,74,3,0,1,0,0,0,0,0,3
84M481,Democracy Prep Harlem Charter School,2016,9,113,0,0,DEMOCRACY PREP HARLEM CHARTER SCHOOL,5,40.81441:-73.94512,NEW YORK,10030,6,8,0.746,NA,0.06,0.01,0.64,0.33,0.97,0.01,0.94,0.17,0.86,Meeting Target,0.89,Meeting Target,0.78,Meeting Target,0.83,Meeting Target,0.85,Approaching Target,0.89,Meeting Target,Meeting Target,2.37,2.74,0,0,0,0,0,0,0,0,0,0,0,0,0,0,0,0,0,0,0,0,0,0,0,0,0,0,0,0,0,0,0,0,0,0,0,0,0,0,0,0,0,0,0,0,0,0,0,0,0,0,0,0,0,0,0,0,0,0,0,0,89,5,0,4,0,0,0,0,0,4,89,7,0,5,0,0,0,0,0,6,102,2,0,1,1,0,0,0,0,1,102,5,0,3,1,0,0,0,0,3,100,2,0,0,2,0,0,0,0,2,74,3,0,1,0,0,0,0,0,3
84M709,Harlem Village Academy Charter School,2013,8,68,12,8,HARLEM VILLAGE ACADEMY CHARTER SCHOOL,5,40.80656:-73.94401,NEW YORK,10027,5,12,0.708,NA,0.04,0,0.8,0.18,0.98,0.01,0.96,0.11,0.8,Approaching Target,0.89,Meeting Target,0.8,Meeting Target,0.86,Meeting Target,0.83,Approaching Target,0.92,Meeting Target,Meeting Target,2.31,2.66,71,4,0,4,0,0,0,0,0,4,72,60,0,49,0,0,0,0,0,0,0,0,0,0,0,0,0,0,0,0,0,0,0,0,0,0,0,0,0,0,67,1,0,1,0,0,0,0,0,0,67,4,0,3,0,0,0,0,0,4,61,0,0,0,0,0,0,0,0,0,61,4,0,4,0,0,0,0,0,4,69,0,0,0,0,0,0,0,0,0,69,10,0,7,3,0,0,0,0,8,52,2,0,1,1,0,0,0,0,0,52,8,0,6,2,0,0,0,0,0
84M709,Harlem Village Academy Charter School,2014,8,65,20,14,HARLEM VILLAGE ACADEMY CHARTER SCHOOL,5,40.80656:-73.94401,NEW YORK,10027,5,12,0.708,NA,0.04,0,0.8,0.18,0.98,0.01,0.96,0.11,0.8,Approaching Target,0.89,Meeting Target,0.8,Meeting Target,0.86,Meeting Target,0.83,Approaching Target,0.92,Meeting Target,Meeting Target,2.31,2.66,71,4,0,4,0,0,0,0,0,4,72,60,0,49,0,0,0,0,0,0,0,0,0,0,0,0,0,0,0,0,0,0,0,0,0,0,0,0,0,0,67,1,0,1,0,0,0,0,0,0,67,4,0,3,0,0,0,0,0,4,61,0,0,0,0,0,0,0,0,0,61,4,0,4,0,0,0,0,0,4,69,0,0,0,0,0,0,0,0,0,69,10,0,7,3,0,0,0,0,8,52,2,0,1,1,0,0,0,0,0,52,8,0,6,2,0,0,0,0,0
84M709,Harlem Village Academy Charter School,2015,8,53,26,19,HARLEM VILLAGE ACADEMY CHARTER SCHOOL,5,40.80656:-73.94401,NEW YORK,10027,5,12,0.708,NA,0.04,0,0.8,0.18,0.98,0.01,0.96,0.11,0.8,Approaching Target,0.89,Meeting Target,0.8,Meeting Target,0.86,Meeting Target,0.83,Approaching Target,0.92,Meeting Target,Meeting Target,2.31,2.66,71,4,0,4,0,0,0,0,0,4,72,60,0,49,0,0,0,0,0,0,0,0,0,0,0,0,0,0,0,0,0,0,0,0,0,0,0,0,0,0,67,1,0,1,0,0,0,0,0,0,67,4,0,3,0,0,0,0,0,4,61,0,0,0,0,0,0,0,0,0,61,4,0,4,0,0,0,0,0,4,69,0,0,0,0,0,0,0,0,0,69,10,0,7,3,0,0,0,0,8,52,2,0,1,1,0,0,0,0,0,52,8,0,6,2,0,0,0,0,0
84M709,Harlem Village Academy Charter School,2016,8,66,18,16,HARLEM VILLAGE ACADEMY CHARTER SCHOOL,5,40.80656:-73.94401,NEW YORK,10027,5,12,0.708,NA,0.04,0,0.8,0.18,0.98,0.01,0.96,0.11,0.8,Approaching Target,0.89,Meeting Target,0.8,Meeting Target,0.86,Meeting Target,0.83,Approaching Target,0.92,Meeting Target,Meeting Target,2.31,2.66,71,4,0,4,0,0,0,0,0,4,72,60,0,49,0,0,0,0,0,0,0,0,0,0,0,0,0,0,0,0,0,0,0,0,0,0,0,0,0,0,67,1,0,1,0,0,0,0,0,0,67,4,0,3,0,0,0,0,0,4,61,0,0,0,0,0,0,0,0,0,61,4,0,4,0,0,0,0,0,4,69,0,0,0,0,0,0,0,0,0,69,10,0,7,3,0,0,0,0,8,52,2,0,1,1,0,0,0,0,0,52,8,0,6,2,0,0,0,0,0
84M709,Harlem Village Academy Charter School,2014,9,61,1,1,HARLEM VILLAGE ACADEMY CHARTER SCHOOL,5,40.80656:-73.94401,NEW YORK,10027,5,12,0.708,NA,0.04,0,0.8,0.18,0.98,0.01,0.96,0.11,0.8,Approaching Target,0.89,Meeting Target,0.8,Meeting Target,0.86,Meeting Target,0.83,Approaching Target,0.92,Meeting Target,Meeting Target,2.31,2.66,71,4,0,4,0,0,0,0,0,4,72,60,0,49,0,0,0,0,0,0,0,0,0,0,0,0,0,0,0,0,0,0,0,0,0,0,0,0,0,0,67,1,0,1,0,0,0,0,0,0,67,4,0,3,0,0,0,0,0,4,61,0,0,0,0,0,0,0,0,0,61,4,0,4,0,0,0,0,0,4,69,0,0,0,0,0,0,0,0,0,69,10,0,7,3,0,0,0,0,8,52,2,0,1,1,0,0,0,0,0,52,8,0,6,2,0,0,0,0,0
84M709,Harlem Village Academy Charter School,2015,9,45,2,1,HARLEM VILLAGE ACADEMY CHARTER SCHOOL,5,40.80656:-73.94401,NEW YORK,10027,5,12,0.708,NA,0.04,0,0.8,0.18,0.98,0.01,0.96,0.11,0.8,Approaching Target,0.89,Meeting Target,0.8,Meeting Target,0.86,Meeting Target,0.83,Approaching Target,0.92,Meeting Target,Meeting Target,2.31,2.66,71,4,0,4,0,0,0,0,0,4,72,60,0,49,0,0,0,0,0,0,0,0,0,0,0,0,0,0,0,0,0,0,0,0,0,0,0,0,0,0,67,1,0,1,0,0,0,0,0,0,67,4,0,3,0,0,0,0,0,4,61,0,0,0,0,0,0,0,0,0,61,4,0,4,0,0,0,0,0,4,69,0,0,0,0,0,0,0,0,0,69,10,0,7,3,0,0,0,0,8,52,2,0,1,1,0,0,0,0,0,52,8,0,6,2,0,0,0,0,0
84M709,Harlem Village Academy Charter School,2016,9,42,1,1,HARLEM VILLAGE ACADEMY CHARTER SCHOOL,5,40.80656:-73.94401,NEW YORK,10027,5,12,0.708,NA,0.04,0,0.8,0.18,0.98,0.01,0.96,0.11,0.8,Approaching Target,0.89,Meeting Target,0.8,Meeting Target,0.86,Meeting Target,0.83,Approaching Target,0.92,Meeting Target,Meeting Target,2.31,2.66,71,4,0,4,0,0,0,0,0,4,72,60,0,49,0,0,0,0,0,0,0,0,0,0,0,0,0,0,0,0,0,0,0,0,0,0,0,0,0,0,67,1,0,1,0,0,0,0,0,0,67,4,0,3,0,0,0,0,0,4,61,0,0,0,0,0,0,0,0,0,61,4,0,4,0,0,0,0,0,4,69,0,0,0,0,0,0,0,0,0,69,10,0,7,3,0,0,0,0,8,52,2,0,1,1,0,0,0,0,0,52,8,0,6,2,0,0,0,0,0
84M726,KIPP STAR College Prep Charter School,2013,8,75,74,29,KIPP STAR COLLEGE PREP CHARTER SCHOOL,5,40.81085:-73.95634,NEW YORK,10027,0K,12,0.746,NA,0.04,0.01,0.56,0.41,0.97,0.01,0.95,0.14,0.87,Meeting Target,0.9,Meeting Target,0.8,Meeting Target,0.9,Meeting Target,0.88,Meeting Target,0.92,Meeting Target,Exceeding Target,2.54,2.78,0,0,0,0,0,0,0,0,0,0,0,0,0,0,0,0,0,0,0,0,0,0,0,0,0,0,0,0,0,0,0,0,0,0,0,0,0,0,0,0,63,1,0,1,0,0,0,0,0,0,63,3,0,3,0,0,0,0,0,0,80,14,0,10,0,0,0,0,0,13,80,43,0,24,0,0,0,0,0,38,67,8,0,3,0,0,0,0,0,8,66,15,0,8,0,0,0,0,0,14,84,11,0,0,7,0,0,0,0,10,84,23,0,0,15,0,0,0,0,18
84M726,KIPP STAR College Prep Charter School,2014,8,71,74,19,KIPP STAR COLLEGE PREP CHARTER SCHOOL,5,40.81085:-73.95634,NEW YORK,10027,0K,12,0.746,NA,0.04,0.01,0.56,0.41,0.97,0.01,0.95,0.14,0.87,Meeting Target,0.9,Meeting Target,0.8,Meeting Target,0.9,Meeting Target,0.88,Meeting Target,0.92,Meeting Target,Exceeding Target,2.54,2.78,0,0,0,0,0,0,0,0,0,0,0,0,0,0,0,0,0,0,0,0,0,0,0,0,0,0,0,0,0,0,0,0,0,0,0,0,0,0,0,0,63,1,0,1,0,0,0,0,0,0,63,3,0,3,0,0,0,0,0,0,80,14,0,10,0,0,0,0,0,13,80,43,0,24,0,0,0,0,0,38,67,8,0,3,0,0,0,0,0,8,66,15,0,8,0,0,0,0,0,14,84,11,0,0,7,0,0,0,0,10,84,23,0,0,15,0,0,0,0,18
84M726,KIPP STAR College Prep Charter School,2015,8,84,84,29,KIPP STAR COLLEGE PREP CHARTER SCHOOL,5,40.81085:-73.95634,NEW YORK,10027,0K,12,0.746,NA,0.04,0.01,0.56,0.41,0.97,0.01,0.95,0.14,0.87,Meeting Target,0.9,Meeting Target,0.8,Meeting Target,0.9,Meeting Target,0.88,Meeting Target,0.92,Meeting Target,Exceeding Target,2.54,2.78,0,0,0,0,0,0,0,0,0,0,0,0,0,0,0,0,0,0,0,0,0,0,0,0,0,0,0,0,0,0,0,0,0,0,0,0,0,0,0,0,63,1,0,1,0,0,0,0,0,0,63,3,0,3,0,0,0,0,0,0,80,14,0,10,0,0,0,0,0,13,80,43,0,24,0,0,0,0,0,38,67,8,0,3,0,0,0,0,0,8,66,15,0,8,0,0,0,0,0,14,84,11,0,0,7,0,0,0,0,10,84,23,0,0,15,0,0,0,0,18
84M726,KIPP STAR College Prep Charter School,2016,8,62,60,19,KIPP STAR COLLEGE PREP CHARTER SCHOOL,5,40.81085:-73.95634,NEW YORK,10027,0K,12,0.746,NA,0.04,0.01,0.56,0.41,0.97,0.01,0.95,0.14,0.87,Meeting Target,0.9,Meeting Target,0.8,Meeting Target,0.9,Meeting Target,0.88,Meeting Target,0.92,Meeting Target,Exceeding Target,2.54,2.78,0,0,0,0,0,0,0,0,0,0,0,0,0,0,0,0,0,0,0,0,0,0,0,0,0,0,0,0,0,0,0,0,0,0,0,0,0,0,0,0,63,1,0,1,0,0,0,0,0,0,63,3,0,3,0,0,0,0,0,0,80,14,0,10,0,0,0,0,0,13,80,43,0,24,0,0,0,0,0,38,67,8,0,3,0,0,0,0,0,8,66,15,0,8,0,0,0,0,0,14,84,11,0,0,7,0,0,0,0,10,84,23,0,0,15,0,0,0,0,18